Address,Zip
"Unit #3A Plan, Arcadia LIC
Long Island City, NY",11101
"618 E 42nd St
Brooklyn, NY",11203
"51 Jay St # 5C
Brooklyn, NY",19141
"433 W Bringhurst St,
Philadelphia, PA",19144
"138 E Willard St,
Philadelphia, PA",19134
"3539 Old York Rd
Philadelphia, PA",19140
"2950 Rorer St,
Philadelphia, PA",19134
"N Franklin St
Philadelphia, PA",19122
"4852 N Carlisle St,
Philadelphia, PA",19141
"2846 N Ringgold St
Philadelphia, PA",19132
"5813 N Park Ave
Philadelphia, PA",19141
"1422 N 11TH St
Philadelphia, PA",19122
"3150 N 8TH St,
Philadelphia, PA",19133
"2717 E Birch St,
Philadelphia, PA",19134
"2079 Kingston St,
Philadelphia, PA",19134
"2021 N Cleveland St,
Philadelphia, PA",19121
"560 Geneva Ave,
Philadelphia, PA",19120
"1037 Crease St APT A,
Philadelphia, PA",19125
"W Upsal St
Philadelphia, PA",19119
