VisitedBy,PageViews,CalledForAction,SavedSearch,FavProperties,Visited_from
KAKRB3,LoginPageView|SearchPageView|BlogPageView|ContactPageView|OtherPageView|ListingDetailsPageView,Y,N,Y,Mexico
KAKRB20,BlogPageView|ListingDetailsPageView|LoginPageView|SearchPageView|ContactPageView|OtherPageView,Y,N,N,Turkey
KAKRB22,BlogPageView|LoginPageView|OtherPageView|ListingDetailsPageView|SearchPageView|ContactPageView,Y,N,N,UAE
KAKRB16,BlogPageView|LoginPageView|OtherPageView|ListingDetailsPageView|SearchPageView|ContactPageView,Y,N,Y,Spain
KAKRB10,ContactPageView|ListingDetailsPageView|SearchPageView|LoginPageView|BlogPageView|OtherPageView,Y,N,Y,Italy
KAKRB10,ContactPageView|ListingDetailsPageView|SearchPageView|LoginPageView|BlogPageView|OtherPageView,N,Y,N,USA
KAKRB8,BlogPageView|ListingDetailsPageView|LoginPageView|SearchPageView|ContactPageView|OtherPageView,N,Y,Y,South Africa
KAKRB10,LoginPageView|SearchPageView|BlogPageView|ContactPageView|OtherPageView|ListingDetailsPageView,N,N,N,China
KAKRB30,LoginPageView|ContactPageView|ListingDetailsPageView|SearchPageView|OtherPageView|BlogPageView,N,Y,N,USA
KAKRB23,ContactPageView|BlogPageView|SearchPageView|OtherPageView|ListingDetailsPageView|LoginPageView,N,N,Y,Rome
KAKRB19,BlogPageView|LoginPageView|OtherPageView|ListingDetailsPageView|SearchPageView|ContactPageView,Y,N,Y,Japan
KAKRB1,BlogPageView|LoginPageView|OtherPageView|ListingDetailsPageView|SearchPageView|ContactPageView,N,Y,N,Israel
KAKRB14,ContactPageView|BlogPageView|SearchPageView|OtherPageView|ListingDetailsPageView|LoginPageView,N,Y,Y,Norway
KAKRB21,BlogPageView|LoginPageView|OtherPageView|ListingDetailsPageView|SearchPageView|ContactPageView,Y,Y,N,Sweden
KAKRB5,OtherPageView|BlogPageView|ContactPageView|SearchPageView|ListingDetailsPageView|LoginPageView,Y,Y,N,Rome
KAKRB18,BlogPageView|ListingDetailsPageView|LoginPageView|SearchPageView|ContactPageView|OtherPageView,N,Y,Y,Switzerland
KAKRB4,BlogPageView|LoginPageView|OtherPageView|ListingDetailsPageView|SearchPageView|ContactPageView,N,N,N,Spain
KAKRB27,BlogPageView|LoginPageView|OtherPageView|ListingDetailsPageView|SearchPageView|ContactPageView,Y,Y,N,USA
KAKRB34,ContactPageView|ListingDetailsPageView|SearchPageView|LoginPageView|BlogPageView|OtherPageView,N,Y,N,Canada
KAKRB2,ContactPageView|ListingDetailsPageView|SearchPageView|LoginPageView|BlogPageView|OtherPageView,Y,N,N,Italy
KAKRB6,BlogPageView|ListingDetailsPageView|LoginPageView|SearchPageView|ContactPageView|OtherPageView,Y,N,N,Spain
KAKRB15,LoginPageView|SearchPageView|BlogPageView|ContactPageView|OtherPageView|ListingDetailsPageView,Y,Y,Y,China
KAKRB32,LoginPageView|ContactPageView|ListingDetailsPageView|SearchPageView|OtherPageView|BlogPageView,N,N,Y,Russia
KAKRB18,ContactPageView|BlogPageView|SearchPageView|OtherPageView|ListingDetailsPageView|LoginPageView,Y,Y,Y,Canada
KAKRB33,BlogPageView|LoginPageView|OtherPageView|ListingDetailsPageView|SearchPageView|ContactPageView,N,Y,N,Mexico
KAKRB34,BlogPageView|LoginPageView|OtherPageView|ListingDetailsPageView|SearchPageView|ContactPageView,Y,N,Y,South Korea
KAKRB24,ContactPageView|BlogPageView|SearchPageView|OtherPageView|ListingDetailsPageView|LoginPageView,N,Y,Y,Turkey
KAKRB27,BlogPageView|LoginPageView|OtherPageView|ListingDetailsPageView|SearchPageView|ContactPageView,Y,N,N,UAE
KAKRB23,BlogPageView|ListingDetailsPageView|LoginPageView|SearchPageView|ContactPageView|OtherPageView,N,N,Y,Netherland
KAKRB22,ContactPageView|ListingDetailsPageView|SearchPageView|LoginPageView|BlogPageView|OtherPageView,Y,N,N,Belgium
KAKRB8,LoginPageView|ContactPageView|ListingDetailsPageView|SearchPageView|OtherPageView|BlogPageView,N,N,N,Italy
KAKRB32,LoginPageView|SearchPageView|BlogPageView|ContactPageView|OtherPageView|ListingDetailsPageView,Y,Y,Y,Netherland
KAKRB18,LoginPageView|SearchPageView|BlogPageView|ContactPageView|OtherPageView|ListingDetailsPageView,Y,Y,N,Switzerland
KAKRB14,BlogPageView|LoginPageView|OtherPageView|ListingDetailsPageView|SearchPageView|ContactPageView,Y,Y,N,South Africa
KAKRB4,ContactPageView|ListingDetailsPageView|SearchPageView|LoginPageView|BlogPageView|OtherPageView,N,Y,N,Russia
KAKRB31,OtherPageView|BlogPageView|ContactPageView|SearchPageView|ListingDetailsPageView|LoginPageView,Y,N,N,Belgium
KAKRB5,LoginPageView|ContactPageView|ListingDetailsPageView|SearchPageView|OtherPageView|BlogPageView,N,Y,Y,Japan
KAKRB20,LoginPageView|ContactPageView|ListingDetailsPageView|SearchPageView|OtherPageView|BlogPageView,Y,Y,Y,Israel
KAKRB1,LoginPageView|SearchPageView|BlogPageView|ContactPageView|OtherPageView|ListingDetailsPageView,Y,Y,Y,South Africa
KAKRB30,BlogPageView|LoginPageView|OtherPageView|ListingDetailsPageView|SearchPageView|ContactPageView,Y,Y,N,Italy
KAKRB23,LoginPageView|ContactPageView|ListingDetailsPageView|SearchPageView|OtherPageView|BlogPageView,Y,N,N,Spain
KAKRB33,LoginPageView|ContactPageView|ListingDetailsPageView|SearchPageView|OtherPageView|BlogPageView,Y,N,Y,USA
KAKRB24,ContactPageView|ListingDetailsPageView|SearchPageView|LoginPageView|BlogPageView|OtherPageView,N,Y,Y,Japan
KAKRB22,BlogPageView|LoginPageView|OtherPageView|ListingDetailsPageView|SearchPageView|ContactPageView,Y,Y,N,Switzerland
KAKRB31,BlogPageView|ListingDetailsPageView|LoginPageView|SearchPageView|ContactPageView|OtherPageView,Y,Y,N,Iran
KAKRB32,BlogPageView|ListingDetailsPageView|LoginPageView|SearchPageView|ContactPageView|OtherPageView,N,N,Y,Russia
KAKRB28,ContactPageView|BlogPageView|SearchPageView|OtherPageView|ListingDetailsPageView|LoginPageView,Y,N,N,Mexico
KAKRB14,OtherPageView|BlogPageView|ContactPageView|SearchPageView|ListingDetailsPageView|LoginPageView,Y,N,N,Switzerland
KAKRB11,LoginPageView|SearchPageView|BlogPageView|ContactPageView|OtherPageView|ListingDetailsPageView,N,Y,N,Iran
KAKRB11,ContactPageView|ListingDetailsPageView|SearchPageView|LoginPageView|BlogPageView|OtherPageView,Y,Y,N,UAE
KAKRB8,OtherPageView|BlogPageView|ContactPageView|SearchPageView|ListingDetailsPageView|LoginPageView,N,N,N,UAE
KAKRB29,LoginPageView|ContactPageView|ListingDetailsPageView|SearchPageView|OtherPageView|BlogPageView,Y,N,Y,Norway
KAKRB32,LoginPageView|ContactPageView|ListingDetailsPageView|SearchPageView|OtherPageView|BlogPageView,N,N,N,Belgium
KAKRB31,LoginPageView|SearchPageView|BlogPageView|ContactPageView|OtherPageView|ListingDetailsPageView,Y,Y,Y,Spain
KAKRB7,BlogPageView|LoginPageView|OtherPageView|ListingDetailsPageView|SearchPageView|ContactPageView,N,Y,Y,China
KAKRB13,BlogPageView|LoginPageView|OtherPageView|ListingDetailsPageView|SearchPageView|ContactPageView,Y,N,N,Russia
KAKRB31,BlogPageView|LoginPageView|OtherPageView|ListingDetailsPageView|SearchPageView|ContactPageView,Y,Y,Y,Canada
KAKRB4,ContactPageView|ListingDetailsPageView|SearchPageView|LoginPageView|BlogPageView|OtherPageView,Y,N,Y,Mexico
KAKRB4,OtherPageView|BlogPageView|ContactPageView|SearchPageView|ListingDetailsPageView|LoginPageView,N,N,Y,South Korea
KAKRB16,OtherPageView|BlogPageView|ContactPageView|SearchPageView|ListingDetailsPageView|LoginPageView,Y,N,N,Turkey
KAKRB33,BlogPageView|ListingDetailsPageView|LoginPageView|SearchPageView|ContactPageView|OtherPageView,N,N,Y,UAE
KAKRB17,LoginPageView|ContactPageView|ListingDetailsPageView|SearchPageView|OtherPageView|BlogPageView,N,N,N,Austria
KAKRB20,BlogPageView|ListingDetailsPageView|LoginPageView|SearchPageView|ContactPageView|OtherPageView,N,Y,N,Spain
KAKRB17,LoginPageView|ContactPageView|ListingDetailsPageView|SearchPageView|OtherPageView|BlogPageView,Y,N,N,South Korea
KAKRB28,LoginPageView|SearchPageView|BlogPageView|ContactPageView|OtherPageView|ListingDetailsPageView,N,Y,Y,England
KAKRB6,OtherPageView|BlogPageView|ContactPageView|SearchPageView|ListingDetailsPageView|LoginPageView,N,N,Y,UAE
KAKRB19,BlogPageView|ListingDetailsPageView|LoginPageView|SearchPageView|ContactPageView|OtherPageView,N,N,Y,Netherland
KAKRB28,ContactPageView|ListingDetailsPageView|SearchPageView|LoginPageView|BlogPageView|OtherPageView,Y,N,Y,Italy
KAKRB24,LoginPageView|ContactPageView|ListingDetailsPageView|SearchPageView|OtherPageView|BlogPageView,Y,N,N,South Africa
KAKRB31,LoginPageView|SearchPageView|BlogPageView|ContactPageView|OtherPageView|ListingDetailsPageView,N,Y,Y,Mexico
KAKRB27,LoginPageView|ContactPageView|ListingDetailsPageView|SearchPageView|OtherPageView|BlogPageView,N,Y,N,England
KAKRB2,OtherPageView|BlogPageView|ContactPageView|SearchPageView|ListingDetailsPageView|LoginPageView,Y,N,Y,Norway
KAKRB9,LoginPageView|SearchPageView|BlogPageView|ContactPageView|OtherPageView|ListingDetailsPageView,Y,N,N,South Korea
KAKRB12,LoginPageView|ContactPageView|ListingDetailsPageView|SearchPageView|OtherPageView|BlogPageView,N,N,Y,Austria
KAKRB30,ContactPageView|BlogPageView|SearchPageView|OtherPageView|ListingDetailsPageView|LoginPageView,Y,Y,N,Canada
KAKRB15,ContactPageView|ListingDetailsPageView|SearchPageView|LoginPageView|BlogPageView|OtherPageView,Y,Y,Y,England
KAKRB27,OtherPageView|BlogPageView|ContactPageView|SearchPageView|ListingDetailsPageView|LoginPageView,Y,N,N,Netherland
KAKRB15,BlogPageView|LoginPageView|OtherPageView|ListingDetailsPageView|SearchPageView|ContactPageView,Y,N,N,South Africa
KAKRB22,OtherPageView|BlogPageView|ContactPageView|SearchPageView|ListingDetailsPageView|LoginPageView,Y,N,Y,Russia
KAKRB33,LoginPageView|SearchPageView|BlogPageView|ContactPageView|OtherPageView|ListingDetailsPageView,N,N,Y,Switzerland
KAKRB16,ContactPageView|ListingDetailsPageView|SearchPageView|LoginPageView|BlogPageView|OtherPageView,Y,N,Y,Hong Kong
KAKRB5,BlogPageView|LoginPageView|OtherPageView|ListingDetailsPageView|SearchPageView|ContactPageView,Y,N,N,South Korea
KAKRB27,BlogPageView|LoginPageView|OtherPageView|ListingDetailsPageView|SearchPageView|ContactPageView,N,Y,Y,UAE
KAKRB12,BlogPageView|LoginPageView|OtherPageView|ListingDetailsPageView|SearchPageView|ContactPageView,Y,Y,N,Mexico
KAKRB20,OtherPageView|BlogPageView|ContactPageView|SearchPageView|ListingDetailsPageView|LoginPageView,Y,N,N,Canada
KAKRB25,ContactPageView|BlogPageView|SearchPageView|OtherPageView|ListingDetailsPageView|LoginPageView,Y,Y,N,China
KAKRB34,LoginPageView|SearchPageView|BlogPageView|ContactPageView|OtherPageView|ListingDetailsPageView,N,N,Y,Austria
KAKRB5,LoginPageView|ContactPageView|ListingDetailsPageView|SearchPageView|OtherPageView|BlogPageView,N,N,Y,Iran
KAKRB9,LoginPageView|ContactPageView|ListingDetailsPageView|SearchPageView|OtherPageView|BlogPageView,N,Y,Y,Canada
KAKRB21,ContactPageView|ListingDetailsPageView|SearchPageView|LoginPageView|BlogPageView|OtherPageView,Y,N,Y,Hong Kong
KAKRB3,ContactPageView|ListingDetailsPageView|SearchPageView|LoginPageView|BlogPageView|OtherPageView,N,Y,N,Turkey
KAKRB18,ContactPageView|ListingDetailsPageView|SearchPageView|LoginPageView|BlogPageView|OtherPageView,Y,Y,Y,Italy
KAKRB26,BlogPageView|LoginPageView|OtherPageView|ListingDetailsPageView|SearchPageView|ContactPageView,N,N,Y,China
KAKRB1,ContactPageView|ListingDetailsPageView|SearchPageView|LoginPageView|BlogPageView|OtherPageView,N,N,N,South Africa
KAKRB32,BlogPageView|LoginPageView|OtherPageView|ListingDetailsPageView|SearchPageView|ContactPageView,Y,N,Y,Iran
KAKRB10,BlogPageView|LoginPageView|OtherPageView|ListingDetailsPageView|SearchPageView|ContactPageView,Y,N,N,Spain
KAKRB29,BlogPageView|LoginPageView|OtherPageView|ListingDetailsPageView|SearchPageView|ContactPageView,N,N,Y,China
KAKRB34,BlogPageView|LoginPageView|OtherPageView|ListingDetailsPageView|SearchPageView|ContactPageView,Y,Y,N,Italy
KAKRB7,ContactPageView|ListingDetailsPageView|SearchPageView|LoginPageView|BlogPageView|OtherPageView,N,Y,N,UAE
KAKRB11,OtherPageView|BlogPageView|ContactPageView|SearchPageView|ListingDetailsPageView|LoginPageView,N,Y,N,Russia
KAKRB15,OtherPageView|BlogPageView|ContactPageView|SearchPageView|ListingDetailsPageView|LoginPageView,Y,N,N,Japan
KAKRB26,BlogPageView|ListingDetailsPageView|LoginPageView|SearchPageView|ContactPageView|OtherPageView,Y,Y,Y,South Africa
KAKRB2,LoginPageView|ContactPageView|ListingDetailsPageView|SearchPageView|OtherPageView|BlogPageView,N,N,Y,England
KAKRB34,BlogPageView|ListingDetailsPageView|LoginPageView|SearchPageView|ContactPageView|OtherPageView,Y,Y,N,Israel
KAKRB22,LoginPageView|ContactPageView|ListingDetailsPageView|SearchPageView|OtherPageView|BlogPageView,Y,Y,N,Austria
KAKRB21,LoginPageView|SearchPageView|BlogPageView|ContactPageView|OtherPageView|ListingDetailsPageView,N,N,N,UAE
KAKRB18,OtherPageView|BlogPageView|ContactPageView|SearchPageView|ListingDetailsPageView|LoginPageView,Y,Y,N,Austria
KAKRB10,LoginPageView|SearchPageView|BlogPageView|ContactPageView|OtherPageView|ListingDetailsPageView,Y,N,Y,China
KAKRB13,OtherPageView|BlogPageView|ContactPageView|SearchPageView|ListingDetailsPageView|LoginPageView,Y,Y,N,USA
KAKRB24,BlogPageView|ListingDetailsPageView|LoginPageView|SearchPageView|ContactPageView|OtherPageView,N,Y,Y,Switzerland
KAKRB19,BlogPageView|ListingDetailsPageView|LoginPageView|SearchPageView|ContactPageView|OtherPageView,N,N,N,South Korea
KAKRB34,LoginPageView|ContactPageView|ListingDetailsPageView|SearchPageView|OtherPageView|BlogPageView,N,Y,N,Sweden
KAKRB12,LoginPageView|SearchPageView|BlogPageView|ContactPageView|OtherPageView|ListingDetailsPageView,Y,Y,N,Sweden
KAKRB14,LoginPageView|ContactPageView|ListingDetailsPageView|SearchPageView|OtherPageView|BlogPageView,Y,N,Y,Canada
KAKRB22,ContactPageView|BlogPageView|SearchPageView|OtherPageView|ListingDetailsPageView|LoginPageView,N,Y,N,Austria
KAKRB3,ContactPageView|ListingDetailsPageView|SearchPageView|LoginPageView|BlogPageView|OtherPageView,Y,N,Y,South Africa
KAKRB6,BlogPageView|LoginPageView|OtherPageView|ListingDetailsPageView|SearchPageView|ContactPageView,N,Y,N,Rome
KAKRB23,BlogPageView|LoginPageView|OtherPageView|ListingDetailsPageView|SearchPageView|ContactPageView,Y,Y,N,Mexico
KAKRB17,BlogPageView|LoginPageView|OtherPageView|ListingDetailsPageView|SearchPageView|ContactPageView,Y,Y,Y,Israel
KAKRB8,OtherPageView|BlogPageView|ContactPageView|SearchPageView|ListingDetailsPageView|LoginPageView,N,N,Y,USA
KAKRB1,ContactPageView|BlogPageView|SearchPageView|OtherPageView|ListingDetailsPageView|LoginPageView,Y,N,N,Austria
KAKRB32,LoginPageView|SearchPageView|BlogPageView|ContactPageView|OtherPageView|ListingDetailsPageView,Y,N,N,Switzerland
KAKRB4,LoginPageView|ContactPageView|ListingDetailsPageView|SearchPageView|OtherPageView|BlogPageView,N,Y,N,Austria
KAKRB31,LoginPageView|ContactPageView|ListingDetailsPageView|SearchPageView|OtherPageView|BlogPageView,Y,N,Y,USA
KAKRB10,ContactPageView|ListingDetailsPageView|SearchPageView|LoginPageView|BlogPageView|OtherPageView,Y,N,N,England
KAKRB21,ContactPageView|ListingDetailsPageView|SearchPageView|LoginPageView|BlogPageView|OtherPageView,N,N,Y,Turkey
KAKRB9,ContactPageView|ListingDetailsPageView|SearchPageView|LoginPageView|BlogPageView|OtherPageView,N,N,N,Russia
KAKRB12,BlogPageView|LoginPageView|OtherPageView|ListingDetailsPageView|SearchPageView|ContactPageView,N,N,N,China
KAKRB28,ContactPageView|ListingDetailsPageView|SearchPageView|LoginPageView|BlogPageView|OtherPageView,N,Y,Y,Hong Kong
KAKRB19,BlogPageView|LoginPageView|OtherPageView|ListingDetailsPageView|SearchPageView|ContactPageView,Y,Y,N,Norway
KAKRB16,BlogPageView|LoginPageView|OtherPageView|ListingDetailsPageView|SearchPageView|ContactPageView,N,Y,N,Austria
KAKRB29,BlogPageView|LoginPageView|OtherPageView|ListingDetailsPageView|SearchPageView|ContactPageView,N,N,Y,Israel
KAKRB26,BlogPageView|LoginPageView|OtherPageView|ListingDetailsPageView|SearchPageView|ContactPageView,N,Y,N,England
KAKRB33,ContactPageView|ListingDetailsPageView|SearchPageView|LoginPageView|BlogPageView|OtherPageView,N,Y,N,Belgium
KAKRB14,ContactPageView|ListingDetailsPageView|SearchPageView|LoginPageView|BlogPageView|OtherPageView,N,Y,Y,Iran
KAKRB34,OtherPageView|BlogPageView|ContactPageView|SearchPageView|ListingDetailsPageView|LoginPageView,Y,N,N,England
KAKRB26,LoginPageView|ContactPageView|ListingDetailsPageView|SearchPageView|OtherPageView|BlogPageView,N,Y,Y,Rome
KAKRB3,OtherPageView|BlogPageView|ContactPageView|SearchPageView|ListingDetailsPageView|LoginPageView,N,N,N,Spain
KAKRB4,BlogPageView|LoginPageView|OtherPageView|ListingDetailsPageView|SearchPageView|ContactPageView,Y,N,Y,Israel
KAKRB10,ContactPageView|BlogPageView|SearchPageView|OtherPageView|ListingDetailsPageView|LoginPageView,Y,N,Y,South Korea
KAKRB21,OtherPageView|BlogPageView|ContactPageView|SearchPageView|ListingDetailsPageView|LoginPageView,Y,Y,N,Mexico
KAKRB2,ContactPageView|BlogPageView|SearchPageView|OtherPageView|ListingDetailsPageView|LoginPageView,Y,N,N,Belgium
KAKRB29,BlogPageView|ListingDetailsPageView|LoginPageView|SearchPageView|ContactPageView|OtherPageView,Y,Y,N,Japan
KAKRB27,ContactPageView|ListingDetailsPageView|SearchPageView|LoginPageView|BlogPageView|OtherPageView,N,N,N,UAE
KAKRB33,LoginPageView|SearchPageView|BlogPageView|ContactPageView|OtherPageView|ListingDetailsPageView,Y,N,Y,China
KAKRB24,OtherPageView|BlogPageView|ContactPageView|SearchPageView|ListingDetailsPageView|LoginPageView,Y,Y,N,Japan
KAKRB26,OtherPageView|BlogPageView|ContactPageView|SearchPageView|ListingDetailsPageView|LoginPageView,N,N,Y,Canada
KAKRB25,BlogPageView|LoginPageView|OtherPageView|ListingDetailsPageView|SearchPageView|ContactPageView,Y,N,N,Norway
KAKRB20,BlogPageView|ListingDetailsPageView|LoginPageView|SearchPageView|ContactPageView|OtherPageView,N,N,Y,China
KAKRB31,LoginPageView|ContactPageView|ListingDetailsPageView|SearchPageView|OtherPageView|BlogPageView,N,N,N,Mexico
KAKRB21,BlogPageView|ListingDetailsPageView|LoginPageView|SearchPageView|ContactPageView|OtherPageView,Y,Y,N,Switzerland
KAKRB24,BlogPageView|ListingDetailsPageView|LoginPageView|SearchPageView|ContactPageView|OtherPageView,Y,N,N,Italy
KAKRB9,OtherPageView|BlogPageView|ContactPageView|SearchPageView|ListingDetailsPageView|LoginPageView,N,N,Y,Spain
KAKRB14,LoginPageView|ContactPageView|ListingDetailsPageView|SearchPageView|OtherPageView|BlogPageView,N,Y,N,USA
KAKRB4,OtherPageView|BlogPageView|ContactPageView|SearchPageView|ListingDetailsPageView|LoginPageView,N,N,Y,Japan
KAKRB23,LoginPageView|SearchPageView|BlogPageView|ContactPageView|OtherPageView|ListingDetailsPageView,N,N,N,Switzerland
KAKRB3,ContactPageView|ListingDetailsPageView|SearchPageView|LoginPageView|BlogPageView|OtherPageView,N,Y,N,Iran
KAKRB3,OtherPageView|BlogPageView|ContactPageView|SearchPageView|ListingDetailsPageView|LoginPageView,N,N,Y,Russia
KAKRB16,BlogPageView|ListingDetailsPageView|LoginPageView|SearchPageView|ContactPageView|OtherPageView,N,N,Y,Mexico
KAKRB23,ContactPageView|BlogPageView|SearchPageView|OtherPageView|ListingDetailsPageView|LoginPageView,N,N,N,Switzerland
KAKRB8,ContactPageView|ListingDetailsPageView|SearchPageView|LoginPageView|BlogPageView|OtherPageView,Y,Y,N,Iran
KAKRB14,OtherPageView|BlogPageView|ContactPageView|SearchPageView|ListingDetailsPageView|LoginPageView,N,Y,N,UAE
KAKRB25,ContactPageView|ListingDetailsPageView|SearchPageView|LoginPageView|BlogPageView|OtherPageView,N,Y,N,UAE
KAKRB20,LoginPageView|ContactPageView|ListingDetailsPageView|SearchPageView|OtherPageView|BlogPageView,N,Y,N,Norway
KAKRB28,LoginPageView|SearchPageView|BlogPageView|ContactPageView|OtherPageView|ListingDetailsPageView,N,N,Y,Belgium
KAKRB33,ContactPageView|BlogPageView|SearchPageView|OtherPageView|ListingDetailsPageView|LoginPageView,N,Y,N,South Africa
KAKRB30,LoginPageView|ContactPageView|ListingDetailsPageView|SearchPageView|OtherPageView|BlogPageView,Y,Y,Y,Mexico
KAKRB33,BlogPageView|ListingDetailsPageView|LoginPageView|SearchPageView|ContactPageView|OtherPageView,N,N,Y,Turkey
KAKRB13,ContactPageView|ListingDetailsPageView|SearchPageView|LoginPageView|BlogPageView|OtherPageView,Y,Y,Y,Iran
KAKRB22,LoginPageView|SearchPageView|BlogPageView|ContactPageView|OtherPageView|ListingDetailsPageView,N,Y,N,Hong Kong
KAKRB3,BlogPageView|LoginPageView|OtherPageView|ListingDetailsPageView|SearchPageView|ContactPageView,Y,N,Y,Canada
KAKRB15,ContactPageView|ListingDetailsPageView|SearchPageView|LoginPageView|BlogPageView|OtherPageView,Y,Y,Y,Norway
KAKRB30,LoginPageView|ContactPageView|ListingDetailsPageView|SearchPageView|OtherPageView|BlogPageView,N,N,N,Belgium
KAKRB18,BlogPageView|ListingDetailsPageView|LoginPageView|SearchPageView|ContactPageView|OtherPageView,N,Y,Y,Spain
KAKRB15,ContactPageView|ListingDetailsPageView|SearchPageView|LoginPageView|BlogPageView|OtherPageView,Y,Y,N,Mexico
KAKRB11,LoginPageView|SearchPageView|BlogPageView|ContactPageView|OtherPageView|ListingDetailsPageView,Y,N,Y,Mexico
KAKRB14,BlogPageView|LoginPageView|OtherPageView|ListingDetailsPageView|SearchPageView|ContactPageView,N,N,Y,Austria
KAKRB2,ContactPageView|ListingDetailsPageView|SearchPageView|LoginPageView|BlogPageView|OtherPageView,Y,Y,N,USA
KAKRB12,ContactPageView|ListingDetailsPageView|SearchPageView|LoginPageView|BlogPageView|OtherPageView,Y,N,Y,Netherland
KAKRB7,OtherPageView|BlogPageView|ContactPageView|SearchPageView|ListingDetailsPageView|LoginPageView,Y,Y,Y,Mexico
KAKRB15,BlogPageView|LoginPageView|OtherPageView|ListingDetailsPageView|SearchPageView|ContactPageView,N,Y,Y,Japan
KAKRB18,ContactPageView|BlogPageView|SearchPageView|OtherPageView|ListingDetailsPageView|LoginPageView,Y,Y,Y,Iran
KAKRB31,OtherPageView|BlogPageView|ContactPageView|SearchPageView|ListingDetailsPageView|LoginPageView,Y,N,Y,Spain
KAKRB28,ContactPageView|BlogPageView|SearchPageView|OtherPageView|ListingDetailsPageView|LoginPageView,N,Y,N,Sweden
KAKRB1,BlogPageView|ListingDetailsPageView|LoginPageView|SearchPageView|ContactPageView|OtherPageView,N,N,N,Japan
KAKRB4,ContactPageView|ListingDetailsPageView|SearchPageView|LoginPageView|BlogPageView|OtherPageView,N,Y,Y,Turkey
KAKRB11,LoginPageView|SearchPageView|BlogPageView|ContactPageView|OtherPageView|ListingDetailsPageView,N,N,N,Austria
KAKRB13,OtherPageView|BlogPageView|ContactPageView|SearchPageView|ListingDetailsPageView|LoginPageView,Y,Y,N,UAE
KAKRB9,LoginPageView|SearchPageView|BlogPageView|ContactPageView|OtherPageView|ListingDetailsPageView,N,Y,Y,Japan
KAKRB3,ContactPageView|ListingDetailsPageView|SearchPageView|LoginPageView|BlogPageView|OtherPageView,N,N,N,Rome
KAKRB24,BlogPageView|ListingDetailsPageView|LoginPageView|SearchPageView|ContactPageView|OtherPageView,Y,N,N,Austria
KAKRB26,LoginPageView|SearchPageView|BlogPageView|ContactPageView|OtherPageView|ListingDetailsPageView,Y,Y,Y,Russia
KAKRB6,ContactPageView|ListingDetailsPageView|SearchPageView|LoginPageView|BlogPageView|OtherPageView,Y,Y,Y,South Korea
KAKRB1,BlogPageView|ListingDetailsPageView|LoginPageView|SearchPageView|ContactPageView|OtherPageView,Y,Y,N,England
KAKRB2,LoginPageView|SearchPageView|BlogPageView|ContactPageView|OtherPageView|ListingDetailsPageView,N,N,N,Sweden
KAKRB19,LoginPageView|SearchPageView|BlogPageView|ContactPageView|OtherPageView|ListingDetailsPageView,N,Y,Y,Mexico
KAKRB6,BlogPageView|LoginPageView|OtherPageView|ListingDetailsPageView|SearchPageView|ContactPageView,Y,N,N,Japan
KAKRB1,LoginPageView|SearchPageView|BlogPageView|ContactPageView|OtherPageView|ListingDetailsPageView,Y,N,Y,Iran
KAKRB32,LoginPageView|SearchPageView|BlogPageView|ContactPageView|OtherPageView|ListingDetailsPageView,N,Y,Y,South Africa
KAKRB21,LoginPageView|SearchPageView|BlogPageView|ContactPageView|OtherPageView|ListingDetailsPageView,N,Y,Y,Sweden
KAKRB22,BlogPageView|ListingDetailsPageView|LoginPageView|SearchPageView|ContactPageView|OtherPageView,Y,N,N,Switzerland
KAKRB9,LoginPageView|ContactPageView|ListingDetailsPageView|SearchPageView|OtherPageView|BlogPageView,N,N,N,USA
KAKRB15,BlogPageView|ListingDetailsPageView|LoginPageView|SearchPageView|ContactPageView|OtherPageView,Y,Y,N,UAE
KAKRB9,ContactPageView|ListingDetailsPageView|SearchPageView|LoginPageView|BlogPageView|OtherPageView,N,Y,N,Italy
KAKRB5,ContactPageView|ListingDetailsPageView|SearchPageView|LoginPageView|BlogPageView|OtherPageView,Y,N,Y,South Africa
KAKRB18,LoginPageView|ContactPageView|ListingDetailsPageView|SearchPageView|OtherPageView|BlogPageView,N,N,N,Switzerland
KAKRB24,ContactPageView|ListingDetailsPageView|SearchPageView|LoginPageView|BlogPageView|OtherPageView,N,N,N,Israel
KAKRB8,ContactPageView|ListingDetailsPageView|SearchPageView|LoginPageView|BlogPageView|OtherPageView,Y,Y,Y,Iran
KAKRB28,BlogPageView|ListingDetailsPageView|LoginPageView|SearchPageView|ContactPageView|OtherPageView,Y,N,N,Canada
KAKRB29,ContactPageView|ListingDetailsPageView|SearchPageView|LoginPageView|BlogPageView|OtherPageView,Y,N,N,Japan
KAKRB2,ContactPageView|BlogPageView|SearchPageView|OtherPageView|ListingDetailsPageView|LoginPageView,Y,N,N,Japan
KAKRB24,BlogPageView|LoginPageView|OtherPageView|ListingDetailsPageView|SearchPageView|ContactPageView,N,Y,Y,Switzerland
KAKRB25,LoginPageView|SearchPageView|BlogPageView|ContactPageView|OtherPageView|ListingDetailsPageView,N,Y,Y,Canada
KAKRB7,ContactPageView|BlogPageView|SearchPageView|OtherPageView|ListingDetailsPageView|LoginPageView,N,N,N,Japan
KAKRB27,LoginPageView|ContactPageView|ListingDetailsPageView|SearchPageView|OtherPageView|BlogPageView,N,Y,Y,South Africa
KAKRB24,BlogPageView|ListingDetailsPageView|LoginPageView|SearchPageView|ContactPageView|OtherPageView,N,N,N,USA
KAKRB8,ContactPageView|ListingDetailsPageView|SearchPageView|LoginPageView|BlogPageView|OtherPageView,N,N,N,China
KAKRB23,LoginPageView|SearchPageView|BlogPageView|ContactPageView|OtherPageView|ListingDetailsPageView,N,N,N,Sweden
KAKRB27,BlogPageView|LoginPageView|OtherPageView|ListingDetailsPageView|SearchPageView|ContactPageView,Y,Y,N,Hong Kong
KAKRB34,ContactPageView|ListingDetailsPageView|SearchPageView|LoginPageView|BlogPageView|OtherPageView,N,Y,N,Japan
KAKRB30,LoginPageView|ContactPageView|ListingDetailsPageView|SearchPageView|OtherPageView|BlogPageView,Y,Y,Y,USA
KAKRB9,ContactPageView|BlogPageView|SearchPageView|OtherPageView|ListingDetailsPageView|LoginPageView,Y,N,Y,Austria
KAKRB14,BlogPageView|ListingDetailsPageView|LoginPageView|SearchPageView|ContactPageView|OtherPageView,Y,Y,Y,China
KAKRB11,LoginPageView|ContactPageView|ListingDetailsPageView|SearchPageView|OtherPageView|BlogPageView,Y,Y,N,Spain
KAKRB9,BlogPageView|LoginPageView|OtherPageView|ListingDetailsPageView|SearchPageView|ContactPageView,N,N,N,Mexico
KAKRB10,LoginPageView|ContactPageView|ListingDetailsPageView|SearchPageView|OtherPageView|BlogPageView,N,N,Y,Belgium
KAKRB26,BlogPageView|LoginPageView|OtherPageView|ListingDetailsPageView|SearchPageView|ContactPageView,Y,Y,Y,Netherland
KAKRB24,OtherPageView|BlogPageView|ContactPageView|SearchPageView|ListingDetailsPageView|LoginPageView,Y,Y,Y,Iran
KAKRB29,BlogPageView|LoginPageView|OtherPageView|ListingDetailsPageView|SearchPageView|ContactPageView,N,Y,Y,South Africa
KAKRB25,BlogPageView|ListingDetailsPageView|LoginPageView|SearchPageView|ContactPageView|OtherPageView,Y,Y,Y,Sweden
KAKRB5,LoginPageView|SearchPageView|BlogPageView|ContactPageView|OtherPageView|ListingDetailsPageView,Y,Y,N,Switzerland
KAKRB25,ContactPageView|ListingDetailsPageView|SearchPageView|LoginPageView|BlogPageView|OtherPageView,N,Y,N,USA
KAKRB1,ContactPageView|ListingDetailsPageView|SearchPageView|LoginPageView|BlogPageView|OtherPageView,Y,N,N,UAE
KAKRB28,BlogPageView|ListingDetailsPageView|LoginPageView|SearchPageView|ContactPageView|OtherPageView,Y,Y,N,Italy
KAKRB29,BlogPageView|LoginPageView|OtherPageView|ListingDetailsPageView|SearchPageView|ContactPageView,N,Y,Y,South Africa
KAKRB13,OtherPageView|BlogPageView|ContactPageView|SearchPageView|ListingDetailsPageView|LoginPageView,N,N,Y,Switzerland
KAKRB12,ContactPageView|BlogPageView|SearchPageView|OtherPageView|ListingDetailsPageView|LoginPageView,N,Y,Y,Israel
KAKRB22,BlogPageView|LoginPageView|OtherPageView|ListingDetailsPageView|SearchPageView|ContactPageView,N,Y,N,Iran
KAKRB13,BlogPageView|ListingDetailsPageView|LoginPageView|SearchPageView|ContactPageView|OtherPageView,Y,N,N,Iran
KAKRB11,ContactPageView|ListingDetailsPageView|SearchPageView|LoginPageView|BlogPageView|OtherPageView,Y,N,N,South Africa
KAKRB5,BlogPageView|ListingDetailsPageView|LoginPageView|SearchPageView|ContactPageView|OtherPageView,N,Y,N,Sweden
KAKRB13,LoginPageView|SearchPageView|BlogPageView|ContactPageView|OtherPageView|ListingDetailsPageView,Y,N,Y,Russia
KAKRB3,ContactPageView|BlogPageView|SearchPageView|OtherPageView|ListingDetailsPageView|LoginPageView,Y,Y,N,Turkey
KAKRB7,LoginPageView|SearchPageView|BlogPageView|ContactPageView|OtherPageView|ListingDetailsPageView,Y,N,N,Mexico
KAKRB15,ContactPageView|ListingDetailsPageView|SearchPageView|LoginPageView|BlogPageView|OtherPageView,N,N,N,Italy
KAKRB1,ContactPageView|BlogPageView|SearchPageView|OtherPageView|ListingDetailsPageView|LoginPageView,N,N,Y,Russia
KAKRB6,LoginPageView|ContactPageView|ListingDetailsPageView|SearchPageView|OtherPageView|BlogPageView,N,N,Y,UAE
KAKRB6,OtherPageView|BlogPageView|ContactPageView|SearchPageView|ListingDetailsPageView|LoginPageView,Y,Y,Y,Italy
KAKRB34,LoginPageView|SearchPageView|BlogPageView|ContactPageView|OtherPageView|ListingDetailsPageView,N,N,Y,Austria
KAKRB6,OtherPageView|BlogPageView|ContactPageView|SearchPageView|ListingDetailsPageView|LoginPageView,Y,Y,N,Italy
KAKRB20,BlogPageView|ListingDetailsPageView|LoginPageView|SearchPageView|ContactPageView|OtherPageView,Y,Y,Y,South Africa
KAKRB2,LoginPageView|SearchPageView|BlogPageView|ContactPageView|OtherPageView|ListingDetailsPageView,N,Y,N,Spain
KAKRB7,OtherPageView|BlogPageView|ContactPageView|SearchPageView|ListingDetailsPageView|LoginPageView,Y,Y,Y,Mexico
KAKRB28,ContactPageView|ListingDetailsPageView|SearchPageView|LoginPageView|BlogPageView|OtherPageView,Y,Y,N,Russia
KAKRB27,LoginPageView|ContactPageView|ListingDetailsPageView|SearchPageView|OtherPageView|BlogPageView,N,Y,Y,Sweden
KAKRB34,ContactPageView|BlogPageView|SearchPageView|OtherPageView|ListingDetailsPageView|LoginPageView,Y,N,Y,South Korea
KAKRB7,ContactPageView|ListingDetailsPageView|SearchPageView|LoginPageView|BlogPageView|OtherPageView,N,Y,Y,Netherland
KAKRB30,BlogPageView|ListingDetailsPageView|LoginPageView|SearchPageView|ContactPageView|OtherPageView,N,N,Y,Japan
KAKRB6,ContactPageView|ListingDetailsPageView|SearchPageView|LoginPageView|BlogPageView|OtherPageView,Y,Y,Y,Switzerland
KAKRB29,ContactPageView|BlogPageView|SearchPageView|OtherPageView|ListingDetailsPageView|LoginPageView,Y,Y,Y,Canada
KAKRB14,ContactPageView|BlogPageView|SearchPageView|OtherPageView|ListingDetailsPageView|LoginPageView,N,N,Y,Japan
KAKRB18,LoginPageView|SearchPageView|BlogPageView|ContactPageView|OtherPageView|ListingDetailsPageView,N,Y,Y,Iran
KAKRB19,ContactPageView|BlogPageView|SearchPageView|OtherPageView|ListingDetailsPageView|LoginPageView,N,Y,N,South Africa
KAKRB16,BlogPageView|LoginPageView|OtherPageView|ListingDetailsPageView|SearchPageView|ContactPageView,Y,N,N,Sweden
KAKRB3,BlogPageView|ListingDetailsPageView|LoginPageView|SearchPageView|ContactPageView|OtherPageView,N,Y,Y,Switzerland
KAKRB15,BlogPageView|ListingDetailsPageView|LoginPageView|SearchPageView|ContactPageView|OtherPageView,Y,Y,Y,USA
KAKRB18,BlogPageView|LoginPageView|OtherPageView|ListingDetailsPageView|SearchPageView|ContactPageView,Y,Y,Y,UAE
KAKRB17,LoginPageView|SearchPageView|BlogPageView|ContactPageView|OtherPageView|ListingDetailsPageView,N,N,N,Italy
KAKRB30,LoginPageView|ContactPageView|ListingDetailsPageView|SearchPageView|OtherPageView|BlogPageView,Y,Y,Y,South Africa
KAKRB7,ContactPageView|BlogPageView|SearchPageView|OtherPageView|ListingDetailsPageView|LoginPageView,N,N,N,Switzerland
KAKRB22,BlogPageView|ListingDetailsPageView|LoginPageView|SearchPageView|ContactPageView|OtherPageView,N,N,N,Israel
KAKRB12,LoginPageView|ContactPageView|ListingDetailsPageView|SearchPageView|OtherPageView|BlogPageView,N,N,N,Iran
KAKRB21,BlogPageView|LoginPageView|OtherPageView|ListingDetailsPageView|SearchPageView|ContactPageView,N,Y,N,Canada
KAKRB21,LoginPageView|ContactPageView|ListingDetailsPageView|SearchPageView|OtherPageView|BlogPageView,Y,N,Y,South Africa
KAKRB6,BlogPageView|LoginPageView|OtherPageView|ListingDetailsPageView|SearchPageView|ContactPageView,Y,N,Y,Belgium
KAKRB10,OtherPageView|BlogPageView|ContactPageView|SearchPageView|ListingDetailsPageView|LoginPageView,N,N,Y,Belgium
KAKRB22,BlogPageView|LoginPageView|OtherPageView|ListingDetailsPageView|SearchPageView|ContactPageView,Y,Y,N,Sweden
KAKRB7,BlogPageView|ListingDetailsPageView|LoginPageView|SearchPageView|ContactPageView|OtherPageView,N,N,Y,Russia
KAKRB8,LoginPageView|SearchPageView|BlogPageView|ContactPageView|OtherPageView|ListingDetailsPageView,Y,N,Y,South Korea
KAKRB21,LoginPageView|ContactPageView|ListingDetailsPageView|SearchPageView|OtherPageView|BlogPageView,Y,Y,Y,Netherland
KAKRB31,LoginPageView|SearchPageView|BlogPageView|ContactPageView|OtherPageView|ListingDetailsPageView,N,Y,Y,Turkey
KAKRB16,OtherPageView|BlogPageView|ContactPageView|SearchPageView|ListingDetailsPageView|LoginPageView,Y,N,Y,Rome
KAKRB14,OtherPageView|BlogPageView|ContactPageView|SearchPageView|ListingDetailsPageView|LoginPageView,N,Y,Y,China
KAKRB16,ContactPageView|BlogPageView|SearchPageView|OtherPageView|ListingDetailsPageView|LoginPageView,N,N,Y,Turkey
KAKRB32,ContactPageView|BlogPageView|SearchPageView|OtherPageView|ListingDetailsPageView|LoginPageView,Y,N,Y,Netherland
KAKRB16,ContactPageView|ListingDetailsPageView|SearchPageView|LoginPageView|BlogPageView|OtherPageView,N,Y,Y,Iran
KAKRB6,ContactPageView|ListingDetailsPageView|SearchPageView|LoginPageView|BlogPageView|OtherPageView,Y,N,Y,South Korea
KAKRB9,ContactPageView|BlogPageView|SearchPageView|OtherPageView|ListingDetailsPageView|LoginPageView,Y,Y,Y,Hong Kong
KAKRB19,BlogPageView|LoginPageView|OtherPageView|ListingDetailsPageView|SearchPageView|ContactPageView,Y,Y,Y,South Korea
KAKRB10,BlogPageView|ListingDetailsPageView|LoginPageView|SearchPageView|ContactPageView|OtherPageView,Y,N,Y,Switzerland
KAKRB27,LoginPageView|ContactPageView|ListingDetailsPageView|SearchPageView|OtherPageView|BlogPageView,N,Y,Y,Sweden
KAKRB7,ContactPageView|ListingDetailsPageView|SearchPageView|LoginPageView|BlogPageView|OtherPageView,Y,Y,N,Russia
KAKRB21,ContactPageView|BlogPageView|SearchPageView|OtherPageView|ListingDetailsPageView|LoginPageView,Y,N,N,Rome
KAKRB8,LoginPageView|SearchPageView|BlogPageView|ContactPageView|OtherPageView|ListingDetailsPageView,N,N,Y,China
KAKRB8,OtherPageView|BlogPageView|ContactPageView|SearchPageView|ListingDetailsPageView|LoginPageView,Y,Y,N,Hong Kong
KAKRB24,ContactPageView|BlogPageView|SearchPageView|OtherPageView|ListingDetailsPageView|LoginPageView,N,N,Y,Norway
KAKRB11,LoginPageView|ContactPageView|ListingDetailsPageView|SearchPageView|OtherPageView|BlogPageView,N,Y,N,Switzerland
KAKRB28,OtherPageView|BlogPageView|ContactPageView|SearchPageView|ListingDetailsPageView|LoginPageView,N,N,Y,Israel
KAKRB11,LoginPageView|ContactPageView|ListingDetailsPageView|SearchPageView|OtherPageView|BlogPageView,Y,Y,N,England
KAKRB25,LoginPageView|ContactPageView|ListingDetailsPageView|SearchPageView|OtherPageView|BlogPageView,N,N,Y,Turkey
KAKRB5,BlogPageView|ListingDetailsPageView|LoginPageView|SearchPageView|ContactPageView|OtherPageView,N,N,Y,Canada
KAKRB2,BlogPageView|ListingDetailsPageView|LoginPageView|SearchPageView|ContactPageView|OtherPageView,Y,Y,N,Norway
KAKRB20,BlogPageView|LoginPageView|OtherPageView|ListingDetailsPageView|SearchPageView|ContactPageView,N,N,Y,Switzerland
KAKRB17,BlogPageView|ListingDetailsPageView|LoginPageView|SearchPageView|ContactPageView|OtherPageView,N,N,N,Austria
KAKRB30,OtherPageView|BlogPageView|ContactPageView|SearchPageView|ListingDetailsPageView|LoginPageView,Y,Y,Y,Spain
KAKRB25,ContactPageView|BlogPageView|SearchPageView|OtherPageView|ListingDetailsPageView|LoginPageView,Y,N,Y,Switzerland
KAKRB30,BlogPageView|LoginPageView|OtherPageView|ListingDetailsPageView|SearchPageView|ContactPageView,N,Y,N,Rome
KAKRB4,ContactPageView|BlogPageView|SearchPageView|OtherPageView|ListingDetailsPageView|LoginPageView,N,Y,N,USA
KAKRB15,LoginPageView|SearchPageView|BlogPageView|ContactPageView|OtherPageView|ListingDetailsPageView,Y,N,Y,Switzerland
KAKRB18,LoginPageView|SearchPageView|BlogPageView|ContactPageView|OtherPageView|ListingDetailsPageView,Y,Y,N,Turkey
KAKRB9,LoginPageView|SearchPageView|BlogPageView|ContactPageView|OtherPageView|ListingDetailsPageView,N,N,Y,Belgium
KAKRB10,LoginPageView|ContactPageView|ListingDetailsPageView|SearchPageView|OtherPageView|BlogPageView,N,Y,N,Belgium
KAKRB20,BlogPageView|LoginPageView|OtherPageView|ListingDetailsPageView|SearchPageView|ContactPageView,Y,N,Y,England
KAKRB16,BlogPageView|ListingDetailsPageView|LoginPageView|SearchPageView|ContactPageView|OtherPageView,Y,N,Y,Turkey
KAKRB19,BlogPageView|LoginPageView|OtherPageView|ListingDetailsPageView|SearchPageView|ContactPageView,N,N,Y,Israel
KAKRB31,LoginPageView|SearchPageView|BlogPageView|ContactPageView|OtherPageView|ListingDetailsPageView,N,N,Y,Italy
KAKRB24,ContactPageView|BlogPageView|SearchPageView|OtherPageView|ListingDetailsPageView|LoginPageView,Y,Y,N,South Africa
KAKRB25,BlogPageView|LoginPageView|OtherPageView|ListingDetailsPageView|SearchPageView|ContactPageView,Y,N,Y,Italy
KAKRB17,ContactPageView|BlogPageView|SearchPageView|OtherPageView|ListingDetailsPageView|LoginPageView,N,Y,Y,Hong Kong
KAKRB17,ContactPageView|ListingDetailsPageView|SearchPageView|LoginPageView|BlogPageView|OtherPageView,N,Y,N,Sweden
KAKRB20,LoginPageView|ContactPageView|ListingDetailsPageView|SearchPageView|OtherPageView|BlogPageView,Y,Y,N,USA
KAKRB19,BlogPageView|LoginPageView|OtherPageView|ListingDetailsPageView|SearchPageView|ContactPageView,Y,N,N,Sweden
KAKRB32,BlogPageView|ListingDetailsPageView|LoginPageView|SearchPageView|ContactPageView|OtherPageView,N,Y,Y,South Africa
KAKRB17,ContactPageView|ListingDetailsPageView|SearchPageView|LoginPageView|BlogPageView|OtherPageView,Y,Y,Y,China
KAKRB7,LoginPageView|SearchPageView|BlogPageView|ContactPageView|OtherPageView|ListingDetailsPageView,N,Y,Y,Italy
KAKRB13,LoginPageView|SearchPageView|BlogPageView|ContactPageView|OtherPageView|ListingDetailsPageView,N,Y,Y,Israel
KAKRB17,ContactPageView|BlogPageView|SearchPageView|OtherPageView|ListingDetailsPageView|LoginPageView,N,Y,Y,Hong Kong
KAKRB1,ContactPageView|ListingDetailsPageView|SearchPageView|LoginPageView|BlogPageView|OtherPageView,N,Y,N,USA
KAKRB20,LoginPageView|SearchPageView|BlogPageView|ContactPageView|OtherPageView|ListingDetailsPageView,Y,N,Y,Norway
KAKRB11,BlogPageView|LoginPageView|OtherPageView|ListingDetailsPageView|SearchPageView|ContactPageView,Y,N,Y,South Africa
KAKRB29,LoginPageView|ContactPageView|ListingDetailsPageView|SearchPageView|OtherPageView|BlogPageView,Y,N,N,Italy
KAKRB27,ContactPageView|ListingDetailsPageView|SearchPageView|LoginPageView|BlogPageView|OtherPageView,N,N,N,Spain
KAKRB26,LoginPageView|ContactPageView|ListingDetailsPageView|SearchPageView|OtherPageView|BlogPageView,Y,N,Y,Sweden
KAKRB4,LoginPageView|ContactPageView|ListingDetailsPageView|SearchPageView|OtherPageView|BlogPageView,N,N,Y,Hong Kong
KAKRB30,OtherPageView|BlogPageView|ContactPageView|SearchPageView|ListingDetailsPageView|LoginPageView,N,N,Y,Hong Kong
KAKRB23,OtherPageView|BlogPageView|ContactPageView|SearchPageView|ListingDetailsPageView|LoginPageView,Y,N,N,Spain
KAKRB4,ContactPageView|BlogPageView|SearchPageView|OtherPageView|ListingDetailsPageView|LoginPageView,N,N,N,Netherland
KAKRB14,BlogPageView|LoginPageView|OtherPageView|ListingDetailsPageView|SearchPageView|ContactPageView,N,Y,Y,Belgium
KAKRB7,BlogPageView|LoginPageView|OtherPageView|ListingDetailsPageView|SearchPageView|ContactPageView,Y,Y,Y,UAE
KAKRB11,ContactPageView|BlogPageView|SearchPageView|OtherPageView|ListingDetailsPageView|LoginPageView,N,N,N,Switzerland
KAKRB14,ContactPageView|BlogPageView|SearchPageView|OtherPageView|ListingDetailsPageView|LoginPageView,Y,N,N,South Korea
KAKRB10,ContactPageView|BlogPageView|SearchPageView|OtherPageView|ListingDetailsPageView|LoginPageView,Y,N,N,Russia
KAKRB23,ContactPageView|ListingDetailsPageView|SearchPageView|LoginPageView|BlogPageView|OtherPageView,Y,N,Y,UAE
KAKRB23,LoginPageView|SearchPageView|BlogPageView|ContactPageView|OtherPageView|ListingDetailsPageView,Y,Y,Y,China
KAKRB33,LoginPageView|SearchPageView|BlogPageView|ContactPageView|OtherPageView|ListingDetailsPageView,Y,N,Y,Rome
KAKRB8,OtherPageView|BlogPageView|ContactPageView|SearchPageView|ListingDetailsPageView|LoginPageView,Y,Y,Y,Iran
KAKRB22,ContactPageView|ListingDetailsPageView|SearchPageView|LoginPageView|BlogPageView|OtherPageView,N,N,Y,Canada
KAKRB17,ContactPageView|ListingDetailsPageView|SearchPageView|LoginPageView|BlogPageView|OtherPageView,N,Y,N,Norway
KAKRB18,OtherPageView|BlogPageView|ContactPageView|SearchPageView|ListingDetailsPageView|LoginPageView,Y,N,N,Switzerland
KAKRB34,OtherPageView|BlogPageView|ContactPageView|SearchPageView|ListingDetailsPageView|LoginPageView,N,Y,N,Austria
KAKRB5,BlogPageView|LoginPageView|OtherPageView|ListingDetailsPageView|SearchPageView|ContactPageView,N,N,N,Spain
KAKRB26,ContactPageView|BlogPageView|SearchPageView|OtherPageView|ListingDetailsPageView|LoginPageView,N,N,N,Switzerland
KAKRB15,BlogPageView|ListingDetailsPageView|LoginPageView|SearchPageView|ContactPageView|OtherPageView,Y,Y,Y,Rome
KAKRB12,LoginPageView|ContactPageView|ListingDetailsPageView|SearchPageView|OtherPageView|BlogPageView,N,N,N,USA
KAKRB11,LoginPageView|ContactPageView|ListingDetailsPageView|SearchPageView|OtherPageView|BlogPageView,N,Y,Y,Switzerland
KAKRB33,OtherPageView|BlogPageView|ContactPageView|SearchPageView|ListingDetailsPageView|LoginPageView,Y,Y,N,Turkey
KAKRB7,LoginPageView|ContactPageView|ListingDetailsPageView|SearchPageView|OtherPageView|BlogPageView,N,Y,N,Belgium
KAKRB22,BlogPageView|ListingDetailsPageView|LoginPageView|SearchPageView|ContactPageView|OtherPageView,Y,N,Y,Belgium
KAKRB29,LoginPageView|ContactPageView|ListingDetailsPageView|SearchPageView|OtherPageView|BlogPageView,Y,Y,N,England
KAKRB12,ContactPageView|BlogPageView|SearchPageView|OtherPageView|ListingDetailsPageView|LoginPageView,N,Y,N,Turkey
KAKRB6,ContactPageView|ListingDetailsPageView|SearchPageView|LoginPageView|BlogPageView|OtherPageView,Y,N,N,Israel
KAKRB17,LoginPageView|ContactPageView|ListingDetailsPageView|SearchPageView|OtherPageView|BlogPageView,N,Y,Y,Rome
KAKRB23,BlogPageView|LoginPageView|OtherPageView|ListingDetailsPageView|SearchPageView|ContactPageView,N,N,Y,Japan
KAKRB23,BlogPageView|ListingDetailsPageView|LoginPageView|SearchPageView|ContactPageView|OtherPageView,N,Y,Y,Norway
KAKRB25,ContactPageView|ListingDetailsPageView|SearchPageView|LoginPageView|BlogPageView|OtherPageView,N,N,N,Spain
KAKRB14,LoginPageView|SearchPageView|BlogPageView|ContactPageView|OtherPageView|ListingDetailsPageView,N,N,N,China
KAKRB25,LoginPageView|SearchPageView|BlogPageView|ContactPageView|OtherPageView|ListingDetailsPageView,Y,Y,N,Japan
KAKRB16,BlogPageView|ListingDetailsPageView|LoginPageView|SearchPageView|ContactPageView|OtherPageView,Y,Y,Y,Turkey
KAKRB2,LoginPageView|SearchPageView|BlogPageView|ContactPageView|OtherPageView|ListingDetailsPageView,Y,N,N,Mexico
KAKRB33,BlogPageView|ListingDetailsPageView|LoginPageView|SearchPageView|ContactPageView|OtherPageView,N,Y,N,Canada
KAKRB11,OtherPageView|BlogPageView|ContactPageView|SearchPageView|ListingDetailsPageView|LoginPageView,N,Y,Y,Netherland
KAKRB4,LoginPageView|SearchPageView|BlogPageView|ContactPageView|OtherPageView|ListingDetailsPageView,Y,Y,Y,Iran
KAKRB1,ContactPageView|ListingDetailsPageView|SearchPageView|LoginPageView|BlogPageView|OtherPageView,Y,Y,N,USA
KAKRB25,LoginPageView|SearchPageView|BlogPageView|ContactPageView|OtherPageView|ListingDetailsPageView,N,N,N,Mexico
KAKRB26,BlogPageView|LoginPageView|OtherPageView|ListingDetailsPageView|SearchPageView|ContactPageView,Y,Y,Y,Sweden
KAKRB17,OtherPageView|BlogPageView|ContactPageView|SearchPageView|ListingDetailsPageView|LoginPageView,N,Y,Y,Israel
KAKRB17,BlogPageView|LoginPageView|OtherPageView|ListingDetailsPageView|SearchPageView|ContactPageView,Y,Y,Y,Hong Kong
KAKRB6,ContactPageView|BlogPageView|SearchPageView|OtherPageView|ListingDetailsPageView|LoginPageView,Y,N,N,Norway
KAKRB27,BlogPageView|LoginPageView|OtherPageView|ListingDetailsPageView|SearchPageView|ContactPageView,Y,N,N,Rome
KAKRB7,ContactPageView|ListingDetailsPageView|SearchPageView|LoginPageView|BlogPageView|OtherPageView,N,Y,Y,Austria
KAKRB18,LoginPageView|ContactPageView|ListingDetailsPageView|SearchPageView|OtherPageView|BlogPageView,Y,Y,N,Russia
KAKRB28,ContactPageView|BlogPageView|SearchPageView|OtherPageView|ListingDetailsPageView|LoginPageView,Y,N,N,Belgium
KAKRB12,ContactPageView|ListingDetailsPageView|SearchPageView|LoginPageView|BlogPageView|OtherPageView,N,Y,Y,Switzerland
KAKRB10,LoginPageView|ContactPageView|ListingDetailsPageView|SearchPageView|OtherPageView|BlogPageView,Y,Y,Y,Mexico
KAKRB5,ContactPageView|ListingDetailsPageView|SearchPageView|LoginPageView|BlogPageView|OtherPageView,Y,Y,Y,Japan
KAKRB25,OtherPageView|BlogPageView|ContactPageView|SearchPageView|ListingDetailsPageView|LoginPageView,N,N,Y,USA
KAKRB16,LoginPageView|ContactPageView|ListingDetailsPageView|SearchPageView|OtherPageView|BlogPageView,Y,N,N,England
KAKRB18,BlogPageView|ListingDetailsPageView|LoginPageView|SearchPageView|ContactPageView|OtherPageView,N,Y,Y,Hong Kong
KAKRB14,OtherPageView|BlogPageView|ContactPageView|SearchPageView|ListingDetailsPageView|LoginPageView,Y,Y,N,China
KAKRB5,BlogPageView|LoginPageView|OtherPageView|ListingDetailsPageView|SearchPageView|ContactPageView,Y,Y,N,South Korea
KAKRB15,LoginPageView|ContactPageView|ListingDetailsPageView|SearchPageView|OtherPageView|BlogPageView,N,N,N,Mexico
KAKRB3,ContactPageView|BlogPageView|SearchPageView|OtherPageView|ListingDetailsPageView|LoginPageView,N,N,N,Sweden
KAKRB2,OtherPageView|BlogPageView|ContactPageView|SearchPageView|ListingDetailsPageView|LoginPageView,Y,N,Y,Russia
KAKRB3,BlogPageView|ListingDetailsPageView|LoginPageView|SearchPageView|ContactPageView|OtherPageView,Y,N,Y,Hong Kong
KAKRB32,ContactPageView|ListingDetailsPageView|SearchPageView|LoginPageView|BlogPageView|OtherPageView,N,Y,N,Turkey
KAKRB27,OtherPageView|BlogPageView|ContactPageView|SearchPageView|ListingDetailsPageView|LoginPageView,N,N,Y,Iran
KAKRB31,ContactPageView|BlogPageView|SearchPageView|OtherPageView|ListingDetailsPageView|LoginPageView,Y,N,N,Canada
KAKRB12,OtherPageView|BlogPageView|ContactPageView|SearchPageView|ListingDetailsPageView|LoginPageView,N,N,Y,Israel
KAKRB4,OtherPageView|BlogPageView|ContactPageView|SearchPageView|ListingDetailsPageView|LoginPageView,N,N,N,Netherland
KAKRB30,ContactPageView|ListingDetailsPageView|SearchPageView|LoginPageView|BlogPageView|OtherPageView,Y,N,N,Italy
KAKRB2,ContactPageView|ListingDetailsPageView|SearchPageView|LoginPageView|BlogPageView|OtherPageView,N,Y,Y,Spain
KAKRB1,BlogPageView|ListingDetailsPageView|LoginPageView|SearchPageView|ContactPageView|OtherPageView,Y,N,Y,Iran
KAKRB21,LoginPageView|ContactPageView|ListingDetailsPageView|SearchPageView|OtherPageView|BlogPageView,N,Y,Y,Japan
KAKRB24,LoginPageView|ContactPageView|ListingDetailsPageView|SearchPageView|OtherPageView|BlogPageView,Y,Y,Y,Hong Kong
KAKRB24,LoginPageView|SearchPageView|BlogPageView|ContactPageView|OtherPageView|ListingDetailsPageView,Y,N,Y,Israel
KAKRB12,BlogPageView|LoginPageView|OtherPageView|ListingDetailsPageView|SearchPageView|ContactPageView,N,Y,N,Japan
KAKRB2,ContactPageView|ListingDetailsPageView|SearchPageView|LoginPageView|BlogPageView|OtherPageView,N,Y,Y,Hong Kong
KAKRB28,ContactPageView|BlogPageView|SearchPageView|OtherPageView|ListingDetailsPageView|LoginPageView,N,N,N,South Korea
KAKRB2,ContactPageView|ListingDetailsPageView|SearchPageView|LoginPageView|BlogPageView|OtherPageView,N,Y,Y,Russia
KAKRB26,LoginPageView|ContactPageView|ListingDetailsPageView|SearchPageView|OtherPageView|BlogPageView,N,Y,Y,South Korea
KAKRB6,LoginPageView|ContactPageView|ListingDetailsPageView|SearchPageView|OtherPageView|BlogPageView,N,Y,N,South Africa
KAKRB29,LoginPageView|SearchPageView|BlogPageView|ContactPageView|OtherPageView|ListingDetailsPageView,N,N,N,Belgium
KAKRB15,BlogPageView|LoginPageView|OtherPageView|ListingDetailsPageView|SearchPageView|ContactPageView,N,Y,Y,Hong Kong
KAKRB13,LoginPageView|SearchPageView|BlogPageView|ContactPageView|OtherPageView|ListingDetailsPageView,N,N,Y,Japan
KAKRB33,LoginPageView|SearchPageView|BlogPageView|ContactPageView|OtherPageView|ListingDetailsPageView,Y,Y,N,England
KAKRB19,BlogPageView|ListingDetailsPageView|LoginPageView|SearchPageView|ContactPageView|OtherPageView,Y,N,N,Rome
KAKRB34,LoginPageView|SearchPageView|BlogPageView|ContactPageView|OtherPageView|ListingDetailsPageView,N,Y,Y,Netherland
KAKRB7,BlogPageView|ListingDetailsPageView|LoginPageView|SearchPageView|ContactPageView|OtherPageView,N,Y,N,South Korea
KAKRB30,OtherPageView|BlogPageView|ContactPageView|SearchPageView|ListingDetailsPageView|LoginPageView,N,N,N,England
KAKRB1,LoginPageView|SearchPageView|BlogPageView|ContactPageView|OtherPageView|ListingDetailsPageView,Y,N,N,UAE
KAKRB12,ContactPageView|BlogPageView|SearchPageView|OtherPageView|ListingDetailsPageView|LoginPageView,Y,N,N,Switzerland
KAKRB8,LoginPageView|SearchPageView|BlogPageView|ContactPageView|OtherPageView|ListingDetailsPageView,Y,Y,N,Norway
KAKRB16,BlogPageView|ListingDetailsPageView|LoginPageView|SearchPageView|ContactPageView|OtherPageView,Y,N,Y,South Korea
KAKRB31,ContactPageView|BlogPageView|SearchPageView|OtherPageView|ListingDetailsPageView|LoginPageView,Y,N,Y,Spain
KAKRB13,OtherPageView|BlogPageView|ContactPageView|SearchPageView|ListingDetailsPageView|LoginPageView,Y,Y,N,Canada
KAKRB22,LoginPageView|SearchPageView|BlogPageView|ContactPageView|OtherPageView|ListingDetailsPageView,Y,N,Y,Turkey
KAKRB13,LoginPageView|SearchPageView|BlogPageView|ContactPageView|OtherPageView|ListingDetailsPageView,Y,Y,N,Israel
KAKRB6,OtherPageView|BlogPageView|ContactPageView|SearchPageView|ListingDetailsPageView|LoginPageView,Y,Y,N,Spain
KAKRB33,ContactPageView|BlogPageView|SearchPageView|OtherPageView|ListingDetailsPageView|LoginPageView,Y,Y,N,Hong Kong
KAKRB5,ContactPageView|BlogPageView|SearchPageView|OtherPageView|ListingDetailsPageView|LoginPageView,N,Y,Y,Japan
KAKRB34,ContactPageView|BlogPageView|SearchPageView|OtherPageView|ListingDetailsPageView|LoginPageView,Y,Y,N,Hong Kong
KAKRB2,LoginPageView|SearchPageView|BlogPageView|ContactPageView|OtherPageView|ListingDetailsPageView,Y,Y,N,Iran
KAKRB23,BlogPageView|ListingDetailsPageView|LoginPageView|SearchPageView|ContactPageView|OtherPageView,N,Y,Y,Netherland
KAKRB29,ContactPageView|BlogPageView|SearchPageView|OtherPageView|ListingDetailsPageView|LoginPageView,N,Y,Y,Netherland
KAKRB20,ContactPageView|ListingDetailsPageView|SearchPageView|LoginPageView|BlogPageView|OtherPageView,Y,N,N,Israel
KAKRB5,ContactPageView|ListingDetailsPageView|SearchPageView|LoginPageView|BlogPageView|OtherPageView,N,N,N,Iran
KAKRB32,OtherPageView|BlogPageView|ContactPageView|SearchPageView|ListingDetailsPageView|LoginPageView,N,N,N,England
KAKRB17,ContactPageView|ListingDetailsPageView|SearchPageView|LoginPageView|BlogPageView|OtherPageView,Y,Y,Y,England
KAKRB28,BlogPageView|ListingDetailsPageView|LoginPageView|SearchPageView|ContactPageView|OtherPageView,Y,Y,Y,Sweden
KAKRB10,OtherPageView|BlogPageView|ContactPageView|SearchPageView|ListingDetailsPageView|LoginPageView,N,N,N,Netherland
KAKRB18,BlogPageView|LoginPageView|OtherPageView|ListingDetailsPageView|SearchPageView|ContactPageView,N,Y,N,Israel
KAKRB8,LoginPageView|ContactPageView|ListingDetailsPageView|SearchPageView|OtherPageView|BlogPageView,N,Y,N,South Korea
KAKRB11,BlogPageView|LoginPageView|OtherPageView|ListingDetailsPageView|SearchPageView|ContactPageView,Y,Y,Y,Canada
KAKRB1,ContactPageView|BlogPageView|SearchPageView|OtherPageView|ListingDetailsPageView|LoginPageView,N,N,Y,USA
KAKRB26,ContactPageView|ListingDetailsPageView|SearchPageView|LoginPageView|BlogPageView|OtherPageView,Y,Y,N,Canada
KAKRB22,ContactPageView|BlogPageView|SearchPageView|OtherPageView|ListingDetailsPageView|LoginPageView,Y,Y,Y,Netherland
KAKRB9,ContactPageView|ListingDetailsPageView|SearchPageView|LoginPageView|BlogPageView|OtherPageView,Y,N,N,Sweden
KAKRB23,LoginPageView|ContactPageView|ListingDetailsPageView|SearchPageView|OtherPageView|BlogPageView,N,N,Y,Turkey
KAKRB9,LoginPageView|ContactPageView|ListingDetailsPageView|SearchPageView|OtherPageView|BlogPageView,N,Y,N,Norway
KAKRB4,LoginPageView|SearchPageView|BlogPageView|ContactPageView|OtherPageView|ListingDetailsPageView,Y,Y,N,USA
KAKRB13,BlogPageView|LoginPageView|OtherPageView|ListingDetailsPageView|SearchPageView|ContactPageView,N,N,N,South Africa
KAKRB20,ContactPageView|ListingDetailsPageView|SearchPageView|LoginPageView|BlogPageView|OtherPageView,N,Y,Y,Switzerland
KAKRB19,ContactPageView|BlogPageView|SearchPageView|OtherPageView|ListingDetailsPageView|LoginPageView,N,Y,Y,Hong Kong
KAKRB21,ContactPageView|ListingDetailsPageView|SearchPageView|LoginPageView|BlogPageView|OtherPageView,N,Y,Y,South Korea
KAKRB17,LoginPageView|ContactPageView|ListingDetailsPageView|SearchPageView|OtherPageView|BlogPageView,Y,Y,Y,Canada
KAKRB13,LoginPageView|ContactPageView|ListingDetailsPageView|SearchPageView|OtherPageView|BlogPageView,Y,N,Y,Rome
KAKRB13,LoginPageView|SearchPageView|BlogPageView|ContactPageView|OtherPageView|ListingDetailsPageView,N,N,Y,Mexico
KAKRB3,BlogPageView|LoginPageView|OtherPageView|ListingDetailsPageView|SearchPageView|ContactPageView,N,Y,Y,South Korea
KAKRB26,ContactPageView|ListingDetailsPageView|SearchPageView|LoginPageView|BlogPageView|OtherPageView,Y,N,N,Norway
KAKRB27,ContactPageView|BlogPageView|SearchPageView|OtherPageView|ListingDetailsPageView|LoginPageView,N,Y,Y,Russia
KAKRB19,ContactPageView|ListingDetailsPageView|SearchPageView|LoginPageView|BlogPageView|OtherPageView,N,Y,Y,South Korea
KAKRB3,LoginPageView|ContactPageView|ListingDetailsPageView|SearchPageView|OtherPageView|BlogPageView,Y,N,N,Israel
KAKRB12,LoginPageView|ContactPageView|ListingDetailsPageView|SearchPageView|OtherPageView|BlogPageView,Y,N,Y,Sweden
KAKRB1,LoginPageView|SearchPageView|BlogPageView|ContactPageView|OtherPageView|ListingDetailsPageView,Y,N,N,Iran
KAKRB31,BlogPageView|LoginPageView|OtherPageView|ListingDetailsPageView|SearchPageView|ContactPageView,N,N,Y,Turkey
KAKRB5,ContactPageView|ListingDetailsPageView|SearchPageView|LoginPageView|BlogPageView|OtherPageView,Y,N,N,Netherland
KAKRB32,ContactPageView|BlogPageView|SearchPageView|OtherPageView|ListingDetailsPageView|LoginPageView,Y,Y,Y,UAE
KAKRB21,ContactPageView|ListingDetailsPageView|SearchPageView|LoginPageView|BlogPageView|OtherPageView,N,Y,Y,USA
KAKRB9,LoginPageView|ContactPageView|ListingDetailsPageView|SearchPageView|OtherPageView|BlogPageView,Y,Y,N,Rome
KAKRB29,LoginPageView|ContactPageView|ListingDetailsPageView|SearchPageView|OtherPageView|BlogPageView,Y,N,N,Iran
KAKRB23,LoginPageView|SearchPageView|BlogPageView|ContactPageView|OtherPageView|ListingDetailsPageView,Y,Y,Y,Sweden
KAKRB3,LoginPageView|SearchPageView|BlogPageView|ContactPageView|OtherPageView|ListingDetailsPageView,Y,N,Y,USA
KAKRB19,ContactPageView|BlogPageView|SearchPageView|OtherPageView|ListingDetailsPageView|LoginPageView,N,N,Y,Canada
KAKRB20,LoginPageView|SearchPageView|BlogPageView|ContactPageView|OtherPageView|ListingDetailsPageView,N,Y,Y,England
KAKRB19,BlogPageView|ListingDetailsPageView|LoginPageView|SearchPageView|ContactPageView|OtherPageView,N,N,Y,Netherland
KAKRB31,ContactPageView|BlogPageView|SearchPageView|OtherPageView|ListingDetailsPageView|LoginPageView,Y,N,N,Russia
KAKRB20,OtherPageView|BlogPageView|ContactPageView|SearchPageView|ListingDetailsPageView|LoginPageView,Y,N,N,Italy
KAKRB21,LoginPageView|SearchPageView|BlogPageView|ContactPageView|OtherPageView|ListingDetailsPageView,N,Y,N,England
KAKRB26,LoginPageView|SearchPageView|BlogPageView|ContactPageView|OtherPageView|ListingDetailsPageView,N,N,N,Norway
KAKRB30,OtherPageView|BlogPageView|ContactPageView|SearchPageView|ListingDetailsPageView|LoginPageView,N,N,N,Russia
KAKRB16,ContactPageView|BlogPageView|SearchPageView|OtherPageView|ListingDetailsPageView|LoginPageView,Y,N,N,South Korea
KAKRB29,ContactPageView|BlogPageView|SearchPageView|OtherPageView|ListingDetailsPageView|LoginPageView,N,Y,N,Austria
KAKRB8,ContactPageView|ListingDetailsPageView|SearchPageView|LoginPageView|BlogPageView|OtherPageView,N,N,N,England
KAKRB25,ContactPageView|ListingDetailsPageView|SearchPageView|LoginPageView|BlogPageView|OtherPageView,Y,Y,Y,USA
KAKRB9,OtherPageView|BlogPageView|ContactPageView|SearchPageView|ListingDetailsPageView|LoginPageView,N,N,Y,Belgium
KAKRB33,ContactPageView|ListingDetailsPageView|SearchPageView|LoginPageView|BlogPageView|OtherPageView,Y,Y,Y,Turkey
KAKRB32,BlogPageView|ListingDetailsPageView|LoginPageView|SearchPageView|ContactPageView|OtherPageView,N,Y,N,Russia
KAKRB15,OtherPageView|BlogPageView|ContactPageView|SearchPageView|ListingDetailsPageView|LoginPageView,Y,Y,N,Turkey
KAKRB34,BlogPageView|LoginPageView|OtherPageView|ListingDetailsPageView|SearchPageView|ContactPageView,Y,Y,N,Mexico
KAKRB32,LoginPageView|ContactPageView|ListingDetailsPageView|SearchPageView|OtherPageView|BlogPageView,N,N,Y,Italy
KAKRB5,BlogPageView|LoginPageView|OtherPageView|ListingDetailsPageView|SearchPageView|ContactPageView,N,Y,N,Russia
KAKRB12,ContactPageView|BlogPageView|SearchPageView|OtherPageView|ListingDetailsPageView|LoginPageView,N,Y,N,UAE
KAKRB16,ContactPageView|ListingDetailsPageView|SearchPageView|LoginPageView|BlogPageView|OtherPageView,N,N,Y,Italy
KAKRB10,ContactPageView|BlogPageView|SearchPageView|OtherPageView|ListingDetailsPageView|LoginPageView,Y,Y,Y,Austria
KAKRB28,ContactPageView|ListingDetailsPageView|SearchPageView|LoginPageView|BlogPageView|OtherPageView,N,N,Y,Italy
KAKRB19,LoginPageView|ContactPageView|ListingDetailsPageView|SearchPageView|OtherPageView|BlogPageView,N,N,Y,South Africa
KAKRB11,LoginPageView|ContactPageView|ListingDetailsPageView|SearchPageView|OtherPageView|BlogPageView,N,N,Y,Spain
KAKRB4,LoginPageView|SearchPageView|BlogPageView|ContactPageView|OtherPageView|ListingDetailsPageView,N,N,N,Mexico
KAKRB8,BlogPageView|LoginPageView|OtherPageView|ListingDetailsPageView|SearchPageView|ContactPageView,Y,Y,N,Russia
KAKRB13,OtherPageView|BlogPageView|ContactPageView|SearchPageView|ListingDetailsPageView|LoginPageView,Y,N,N,Sweden
