PropertyID,VisitingTimeStart,VisitingTimeEnd,AddedBy,VisitedBy,Converted,Location,Visited_from,EntryPage,ExitPage
KAKRP1,2016-01-01 00:00:00,2016-01-01 00:37:00,KAKRS3,KAKRB3,Y,Gurgaon,Mexico,ListingDetailsPageView,SearchPageView
KAKRP2,2016-01-01 01:07:00,2016-01-01 02:41:00,KAKRS7,KAKRB20,Y,Bangalore,Turkey,SearchPageView,SearchPageView
KAKRP1,2016-01-03 03:11:00,2016-01-03 04:42:00,KAKRS1,KAKRB22,Y,Mumbai,UAE,SearchPageView,LoginPageView
KAKRP1,2016-01-04 05:12:00,2016-01-04 06:11:00,KAKRS3,KAKRB16,Y,Hyderabad,Spain,ContactPageView,LoginPageView
KAKRP1,2016-01-05 06:41:00,2016-01-05 08:19:00,KAKRS3,KAKRB10,Y,Gurgaon,Italy,SearchPageView,ListingDetailsPageView
KAKRP1,2016-01-06 08:49:00,2016-01-06 09:55:00,KAKRS5,KAKRB10,N,Mumbai,USA,ListingDetailsPageView,LoginPageView
KAKRP1,2016-01-08 10:25:00,2016-01-08 10:47:00,KAKRS4,KAKRB8,N,Ahemdabad,South Africa,ListingDetailsPageView,LoginPageView
KAKRP2,2016-01-10 11:17:00,2016-01-10 12:55:00,KAKRS3,KAKRB10,N,Bangalore,China,LoginPageView,BlogPageView
KAKRP2,2016-01-12 13:25:00,2016-01-12 13:45:00,KAKRS9,KAKRB30,N,Mumbai,USA,ListingDetailsPageView,BlogPageView
KAKRP2,2016-01-14 14:15:00,2016-01-14 16:07:00,KAKRS7,KAKRB23,N,Hyderabad,Rome,SearchPageView,BlogPageView
KAKRP2,2016-01-15 16:37:00,2016-01-15 17:38:00,KAKRS4,KAKRB19,Y,Ahemdabad,Japan,SearchPageView,OtherPageView
KAKRP3,2016-01-16 18:08:00,2016-01-16 18:14:00,KAKRS9,KAKRB1,N,Bangalore,Israel,ContactPageView,LoginPageView
KAKRP3,2016-01-18 18:44:00,2016-01-18 19:57:00,KAKRS3,KAKRB14,N,Nasik,Norway,ListingDetailsPageView,LoginPageView
KAKRP3,2016-01-19 20:27:00,2016-01-19 20:34:00,KAKRS8,KAKRB21,Y,Hyderabad,Sweden,SearchPageView,ListingDetailsPageView
KAKRP3,2016-01-20 21:04:00,2016-01-20 21:54:00,KAKRS6,KAKRB5,N,Nasik,Rome,ContactPageView,OtherPageView
KAKRP3,2016-01-20 22:24:00,2016-01-21 00:15:00,KAKRS6,KAKRB18,N,Vadodara,Switzerland,BlogPageView,OtherPageView
KAKRP4,2016-01-21 00:45:00,2016-01-21 00:48:00,KAKRS3,KAKRB4,Y,Gurgaon,Spain,ListingDetailsPageView,ContactPageView
KAKRP4,2016-01-22 01:18:00,2016-01-22 01:54:00,KAKRS5,KAKRB27,N,Gurgaon,USA,ListingDetailsPageView,LoginPageView
KAKRP4,2016-01-23 02:24:00,2016-01-23 02:39:00,KAKRS4,KAKRB34,Y,Hyderabad,Canada,ListingDetailsPageView,ContactPageView
KAKRP4,2016-01-25 03:09:00,2016-01-25 03:31:00,KAKRS8,KAKRB2,Y,Gurgaon,Italy,OtherPageView,OtherPageView
KAKRP5,2016-01-25 04:01:00,2016-01-25 05:15:00,KAKRS6,KAKRB6,N,Chennai,Spain,LoginPageView,BlogPageView
KAKRP5,2016-01-25 05:45:00,2016-01-25 07:44:00,KAKRS2,KAKRB15,N,Delhi,China,OtherPageView,OtherPageView
KAKRP2,2016-01-25 08:14:00,2016-01-25 08:41:00,KAKRS3,KAKRB32,Y,Mumbai,Russia,OtherPageView,ListingDetailsPageView
KAKRP2,2016-01-26 09:11:00,2016-01-26 10:43:00,KAKRS2,KAKRB18,Y,Nasik,Canada,ListingDetailsPageView,ContactPageView
KAKRP2,2016-01-27 11:13:00,2016-01-27 11:45:00,KAKRS5,KAKRB33,Y,Delhi,Mexico,ContactPageView,ContactPageView
KAKRP1,2016-01-29 12:15:00,2016-01-29 13:04:00,KAKRS9,KAKRB34,N,Hyderabad,South Korea,SearchPageView,OtherPageView
KAKRP1,2016-01-31 13:34:00,2016-01-31 13:37:00,KAKRS6,KAKRB24,N,Delhi,Turkey,SearchPageView,LoginPageView
KAKRP1,2016-01-31 14:07:00,2016-01-31 15:38:00,KAKRS7,KAKRB27,Y,Gurgaon,UAE,LoginPageView,SearchPageView
KAKRP1,2016-02-02 16:08:00,2016-02-02 17:25:00,KAKRS3,KAKRB23,Y,Gurgaon,Netherland,BlogPageView,LoginPageView
KAKRP1,2016-02-04 17:55:00,2016-02-04 18:54:00,KAKRS5,KAKRB22,Y,Ahemdabad,Belgium,SearchPageView,ContactPageView
KAKRP2,2016-02-04 19:24:00,2016-02-04 19:47:00,KAKRS9,KAKRB8,Y,Gurgaon,Italy,LoginPageView,OtherPageView
KAKRP2,2016-02-04 20:17:00,2016-02-04 22:05:00,KAKRS1,KAKRB32,Y,Hyderabad,Netherland,LoginPageView,ListingDetailsPageView
KAKRP2,2016-02-06 22:35:00,2016-02-06 23:50:00,KAKRS7,KAKRB18,N,Ahemdabad,Switzerland,OtherPageView,SearchPageView
KAKRP2,2016-02-08 00:20:00,2016-02-08 00:26:00,KAKRS4,KAKRB14,N,Goa,South Africa,LoginPageView,ContactPageView
KAKRP2,2016-02-10 00:56:00,2016-02-10 01:22:00,KAKRS8,KAKRB4,N,Bangalore,Russia,LoginPageView,ContactPageView
KAKRP2,2016-02-10 01:52:00,2016-02-10 03:33:00,KAKRS3,KAKRB31,Y,Vadodara,Belgium,LoginPageView,ContactPageView
KAKRP4,2016-02-10 04:03:00,2016-02-10 05:50:00,KAKRS7,KAKRB5,N,Mumbai,Japan,ListingDetailsPageView,ContactPageView
KAKRP5,2016-02-10 06:20:00,2016-02-10 07:34:00,KAKRS2,KAKRB20,Y,Bangalore,Israel,OtherPageView,ListingDetailsPageView
KAKRP5,2016-02-11 08:04:00,2016-02-11 09:32:00,KAKRS7,KAKRB1,Y,Cochin,South Africa,BlogPageView,ContactPageView
KAKRP5,2016-02-11 10:02:00,2016-02-11 11:46:00,KAKRS2,KAKRB30,Y,Nasik,Italy,ContactPageView,ContactPageView
KAKRP3,2016-02-13 12:16:00,2016-02-13 12:22:00,KAKRS6,KAKRB23,N,Hyderabad,Spain,BlogPageView,OtherPageView
KAKRP3,2016-02-15 12:52:00,2016-02-15 13:13:00,KAKRS8,KAKRB33,N,Goa,USA,BlogPageView,OtherPageView
KAKRP5,2016-02-17 13:43:00,2016-02-17 15:12:00,KAKRS5,KAKRB24,N,Vadodara,Japan,LoginPageView,BlogPageView
KAKRP5,2016-02-18 15:42:00,2016-02-18 16:50:00,KAKRS8,KAKRB22,Y,Cochin,Switzerland,SearchPageView,ListingDetailsPageView
KAKRP5,2016-02-19 17:20:00,2016-02-19 17:37:00,KAKRS5,KAKRB31,N,Hyderabad,Iran,SearchPageView,OtherPageView
KAKRP1,2016-02-20 18:07:00,2016-02-20 18:15:00,KAKRS3,KAKRB32,N,Cochin,Russia,OtherPageView,ListingDetailsPageView
KAKRP1,2016-02-22 18:45:00,2016-02-22 19:41:00,KAKRS1,KAKRB28,Y,Gurgaon,Mexico,OtherPageView,LoginPageView
KAKRP1,2016-02-24 20:11:00,2016-02-24 21:39:00,KAKRS9,KAKRB14,Y,Delhi,Switzerland,LoginPageView,BlogPageView
KAKRP1,2016-02-24 22:09:00,2016-02-24 23:11:00,KAKRS2,KAKRB11,N,Nasik,Iran,LoginPageView,OtherPageView
KAKRP1,2016-02-25 23:41:00,2016-02-25 23:49:00,KAKRS1,KAKRB11,N,Bangalore,UAE,LoginPageView,OtherPageView
KAKRP6,2016-02-28 00:19:00,2016-02-28 02:01:00,KAKRS7,KAKRB8,Y,Ahemdabad,UAE,ContactPageView,ListingDetailsPageView
KAKRP6,2016-02-29 02:31:00,2016-02-29 04:19:00,KAKRS3,KAKRB29,N,Gurgaon,Norway,ContactPageView,SearchPageView
KAKRP2,2016-03-02 04:49:00,2016-03-02 06:01:00,KAKRS3,KAKRB32,Y,Goa,Belgium,LoginPageView,ContactPageView
KAKRP2,2016-03-04 06:31:00,2016-03-04 06:50:00,KAKRS1,KAKRB31,N,Chennai,Spain,BlogPageView,OtherPageView
KAKRP2,2016-03-04 07:20:00,2016-03-04 07:42:00,KAKRS1,KAKRB7,N,Bangalore,China,SearchPageView,BlogPageView
KAKRP4,2016-03-04 08:12:00,2016-03-04 09:47:00,KAKRS8,KAKRB13,Y,Mumbai,Russia,SearchPageView,BlogPageView
KAKRP4,2016-03-05 10:17:00,2016-03-05 10:44:00,KAKRS9,KAKRB31,Y,Ahemdabad,Canada,SearchPageView,BlogPageView
KAKRP6,2016-03-05 11:14:00,2016-03-05 12:58:00,KAKRS7,KAKRB4,Y,Vadodara,Mexico,ContactPageView,OtherPageView
KAKRP3,2016-03-07 13:28:00,2016-03-07 15:02:00,KAKRS1,KAKRB4,N,Ahemdabad,South Korea,BlogPageView,BlogPageView
KAKRP3,2016-03-07 15:32:00,2016-03-07 17:22:00,KAKRS4,KAKRB16,Y,Chennai,Turkey,ListingDetailsPageView,OtherPageView
KAKRP5,2016-03-09 17:52:00,2016-03-09 18:26:00,KAKRS8,KAKRB33,N,Cochin,UAE,ContactPageView,LoginPageView
KAKRP5,2016-03-10 18:56:00,2016-03-10 19:56:00,KAKRS3,KAKRB17,Y,Goa,Austria,ListingDetailsPageView,SearchPageView
KAKRP5,2016-03-12 20:26:00,2016-03-12 21:25:00,KAKRS3,KAKRB20,N,Kolkata,Spain,BlogPageView,ContactPageView
KAKRP5,2016-03-14 21:55:00,2016-03-14 22:32:00,KAKRS1,KAKRB17,N,Bangalore,South Korea,LoginPageView,SearchPageView
KAKRP1,2016-03-16 23:02:00,2016-03-16 23:46:00,KAKRS2,KAKRB28,Y,Chennai,England,SearchPageView,BlogPageView
KAKRP1,2016-03-18 00:16:00,2016-03-18 01:13:00,KAKRS3,KAKRB6,Y,Vadodara,UAE,LoginPageView,LoginPageView
KAKRP2,2016-03-19 01:43:00,2016-03-19 02:08:00,KAKRS6,KAKRB19,N,Nasik,Netherland,ListingDetailsPageView,LoginPageView
KAKRP2,2016-03-21 02:38:00,2016-03-21 03:57:00,KAKRS9,KAKRB28,Y,Mumbai,Italy,BlogPageView,SearchPageView
KAKRP2,2016-03-21 04:27:00,2016-03-21 05:21:00,KAKRS3,KAKRB24,Y,Chennai,South Africa,LoginPageView,BlogPageView
KAKRP1,2016-03-21 05:51:00,2016-03-21 06:24:00,KAKRS5,KAKRB31,Y,Goa,Mexico,SearchPageView,BlogPageView
KAKRP1,2016-03-23 06:54:00,2016-03-23 07:00:00,KAKRS1,KAKRB27,Y,Gurgaon,England,OtherPageView,ListingDetailsPageView
KAKRP1,2016-03-23 07:30:00,2016-03-23 07:45:00,KAKRS6,KAKRB2,Y,Goa,Norway,ListingDetailsPageView,ListingDetailsPageView
KAKRP1,2016-03-23 08:15:00,2016-03-23 08:26:00,KAKRS1,KAKRB9,N,Gurgaon,South Korea,LoginPageView,OtherPageView
KAKRP4,2016-03-25 08:56:00,2016-03-25 09:45:00,KAKRS6,KAKRB12,N,Goa,Austria,LoginPageView,OtherPageView
KAKRP4,2016-03-27 10:15:00,2016-03-27 11:14:00,KAKRS2,KAKRB30,Y,Goa,Canada,LoginPageView,ContactPageView
KAKRP4,2016-03-29 11:44:00,2016-03-29 12:18:00,KAKRS6,KAKRB15,N,Nasik,England,LoginPageView,OtherPageView
KAKRP6,2016-03-30 12:48:00,2016-03-30 12:53:00,KAKRS6,KAKRB27,Y,Nasik,Netherland,LoginPageView,BlogPageView
KAKRP3,2016-03-31 13:23:00,2016-03-31 13:27:00,KAKRS7,KAKRB15,Y,Delhi,South Africa,ContactPageView,ListingDetailsPageView
KAKRP3,2016-04-01 13:57:00,2016-04-01 14:18:00,KAKRS4,KAKRB22,Y,Vadodara,Russia,OtherPageView,ContactPageView
KAKRP3,2016-04-02 14:48:00,2016-04-02 15:33:00,KAKRS3,KAKRB33,N,Goa,Switzerland,BlogPageView,ContactPageView
KAKRP6,2016-04-03 16:03:00,2016-04-03 16:56:00,KAKRS4,KAKRB16,N,Kolkata,Hong Kong,OtherPageView,BlogPageView
KAKRP2,2016-04-04 17:26:00,2016-04-04 18:27:00,KAKRS1,KAKRB5,N,Gurgaon,South Korea,OtherPageView,BlogPageView
KAKRP2,2016-04-05 18:57:00,2016-04-05 19:07:00,KAKRS8,KAKRB27,N,Delhi,UAE,SearchPageView,ListingDetailsPageView
KAKRP2,2016-04-06 19:37:00,2016-04-06 21:30:00,KAKRS6,KAKRB12,Y,Cochin,Mexico,SearchPageView,BlogPageView
KAKRP2,2016-04-06 22:00:00,2016-04-06 22:15:00,KAKRS7,KAKRB20,Y,Cochin,Canada,LoginPageView,BlogPageView
KAKRP4,2016-04-06 22:45:00,2016-04-06 23:57:00,KAKRS7,KAKRB25,Y,Ahemdabad,China,LoginPageView,ContactPageView
KAKRP4,2016-04-08 00:27:00,2016-04-08 01:17:00,KAKRS3,KAKRB34,Y,Chennai,Austria,ListingDetailsPageView,BlogPageView
KAKRP4,2016-04-10 01:47:00,2016-04-10 03:40:00,KAKRS4,KAKRB5,Y,Ahemdabad,Iran,LoginPageView,OtherPageView
KAKRP4,2016-04-12 04:10:00,2016-04-12 06:05:00,KAKRS5,KAKRB9,Y,Chennai,Canada,OtherPageView,OtherPageView
KAKRP1,2016-04-12 06:35:00,2016-04-12 08:15:00,KAKRS2,KAKRB21,N,Cochin,Hong Kong,BlogPageView,BlogPageView
KAKRP1,2016-04-13 08:45:00,2016-04-13 08:56:00,KAKRS1,KAKRB3,Y,Ahemdabad,Turkey,LoginPageView,BlogPageView
KAKRP1,2016-04-13 09:26:00,2016-04-13 10:12:00,KAKRS5,KAKRB18,Y,Chennai,Italy,BlogPageView,SearchPageView
KAKRP4,2016-04-14 10:42:00,2016-04-14 12:11:00,KAKRS4,KAKRB26,Y,Kolkata,China,LoginPageView,ListingDetailsPageView
KAKRP4,2016-04-14 12:41:00,2016-04-14 13:31:00,KAKRS7,KAKRB1,Y,Bangalore,South Africa,LoginPageView,ListingDetailsPageView
KAKRP6,2016-04-16 14:01:00,2016-04-16 15:14:00,KAKRS9,KAKRB32,Y,Delhi,Iran,ListingDetailsPageView,SearchPageView
KAKRP3,2016-04-16 15:44:00,2016-04-16 16:30:00,KAKRS7,KAKRB10,N,Mumbai,Spain,SearchPageView,ContactPageView
KAKRP3,2016-04-17 17:00:00,2016-04-17 18:51:00,KAKRS3,KAKRB29,Y,Goa,China,OtherPageView,SearchPageView
KAKRP3,2016-04-17 19:21:00,2016-04-17 20:43:00,KAKRS5,KAKRB34,N,Ahemdabad,Italy,BlogPageView,ContactPageView
KAKRP3,2016-04-17 21:13:00,2016-04-17 21:39:00,KAKRS6,KAKRB7,Y,Vadodara,UAE,LoginPageView,LoginPageView
KAKRP4,2016-04-18 22:09:00,2016-04-18 23:49:00,KAKRS5,KAKRB11,N,Delhi,Russia,ListingDetailsPageView,OtherPageView
KAKRP4,2016-04-19 00:19:00,2016-04-19 00:54:00,KAKRS8,KAKRB15,Y,Kolkata,Japan,ContactPageView,ContactPageView
KAKRP2,2016-04-21 01:24:00,2016-04-21 03:16:00,KAKRS1,KAKRB26,Y,Gurgaon,South Africa,ListingDetailsPageView,ContactPageView
KAKRP2,2016-04-21 03:46:00,2016-04-21 04:04:00,KAKRS1,KAKRB2,N,Kolkata,England,BlogPageView,ContactPageView
KAKRP2,2016-04-22 04:34:00,2016-04-22 06:28:00,KAKRS5,KAKRB34,Y,Delhi,Israel,SearchPageView,ListingDetailsPageView
KAKRP2,2016-04-24 06:58:00,2016-04-24 08:15:00,KAKRS9,KAKRB22,N,Nasik,Austria,ContactPageView,OtherPageView
KAKRP2,2016-04-24 08:45:00,2016-04-24 09:05:00,KAKRS6,KAKRB21,N,Delhi,UAE,BlogPageView,BlogPageView
KAKRP6,2016-04-26 09:35:00,2016-04-26 09:45:00,KAKRS4,KAKRB18,Y,Gurgaon,Austria,LoginPageView,LoginPageView
KAKRP1,2016-04-26 10:15:00,2016-04-26 10:26:00,KAKRS8,KAKRB10,Y,Vadodara,China,ListingDetailsPageView,ListingDetailsPageView
KAKRP1,2016-04-26 10:56:00,2016-04-26 11:26:00,KAKRS9,KAKRB13,Y,Goa,USA,SearchPageView,SearchPageView
KAKRP1,2016-04-27 11:56:00,2016-04-27 12:59:00,KAKRS8,KAKRB24,N,Vadodara,Switzerland,BlogPageView,ListingDetailsPageView
KAKRP1,2016-04-28 13:29:00,2016-04-28 13:43:00,KAKRS6,KAKRB19,N,Mumbai,South Korea,OtherPageView,SearchPageView
KAKRP4,2016-04-30 14:13:00,2016-04-30 14:49:00,KAKRS4,KAKRB34,N,Kolkata,Sweden,LoginPageView,SearchPageView
KAKRP4,2016-05-02 15:19:00,2016-05-02 16:12:00,KAKRS8,KAKRB12,N,Mumbai,Sweden,ContactPageView,OtherPageView
KAKRP4,2016-05-03 16:42:00,2016-05-03 16:51:00,KAKRS9,KAKRB14,N,Cochin,Canada,ContactPageView,SearchPageView
KAKRP3,2016-05-05 17:21:00,2016-05-05 18:58:00,KAKRS1,KAKRB22,Y,Gurgaon,Austria,LoginPageView,ContactPageView
KAKRP3,2016-05-07 19:28:00,2016-05-07 20:13:00,KAKRS7,KAKRB3,N,Kolkata,South Africa,LoginPageView,ListingDetailsPageView
KAKRP4,2016-05-07 20:43:00,2016-05-07 22:11:00,KAKRS6,KAKRB6,N,Bangalore,Rome,LoginPageView,SearchPageView
KAKRP4,2016-05-07 22:41:00,2016-05-08 00:33:00,KAKRS3,KAKRB23,N,Gurgaon,Mexico,LoginPageView,LoginPageView
KAKRP2,2016-05-10 01:03:00,2016-05-10 02:35:00,KAKRS6,KAKRB17,N,Vadodara,Israel,ContactPageView,BlogPageView
KAKRP2,2016-05-10 03:05:00,2016-05-10 03:58:00,KAKRS9,KAKRB8,Y,Goa,USA,SearchPageView,ListingDetailsPageView
KAKRP2,2016-05-12 04:28:00,2016-05-12 04:49:00,KAKRS5,KAKRB1,Y,Nasik,Austria,OtherPageView,ContactPageView
KAKRP4,2016-05-12 05:19:00,2016-05-12 06:20:00,KAKRS1,KAKRB32,Y,Hyderabad,Switzerland,ContactPageView,BlogPageView
KAKRP4,2016-05-13 06:50:00,2016-05-13 07:05:00,KAKRS2,KAKRB4,Y,Ahemdabad,Austria,ContactPageView,ContactPageView
KAKRP6,2016-05-15 07:35:00,2016-05-15 07:47:00,KAKRS2,KAKRB31,Y,Cochin,USA,ContactPageView,BlogPageView
KAKRP3,2016-05-17 08:17:00,2016-05-17 09:33:00,KAKRS7,KAKRB10,N,Kolkata,England,ContactPageView,SearchPageView
KAKRP3,2016-05-19 10:03:00,2016-05-19 10:26:00,KAKRS5,KAKRB21,Y,Bangalore,Turkey,BlogPageView,BlogPageView
KAKRP3,2016-05-21 10:56:00,2016-05-21 11:25:00,KAKRS3,KAKRB9,N,Bangalore,Russia,BlogPageView,SearchPageView
KAKRP4,2016-05-22 11:55:00,2016-05-22 13:38:00,KAKRS9,KAKRB12,N,Kolkata,China,LoginPageView,ListingDetailsPageView
KAKRP4,2016-05-24 14:08:00,2016-05-24 14:25:00,KAKRS9,KAKRB28,N,Hyderabad,Hong Kong,ListingDetailsPageView,LoginPageView
KAKRP4,2016-05-26 14:55:00,2016-05-26 14:57:00,KAKRS4,KAKRB19,Y,Nasik,Norway,LoginPageView,BlogPageView
KAKRP2,2016-05-26 15:27:00,2016-05-26 16:42:00,KAKRS7,KAKRB16,Y,Ahemdabad,Austria,LoginPageView,ListingDetailsPageView
KAKRP2,2016-05-26 17:12:00,2016-05-26 18:32:00,KAKRS1,KAKRB29,Y,Kolkata,Israel,BlogPageView,SearchPageView
KAKRP1,2016-05-26 19:02:00,2016-05-26 19:30:00,KAKRS6,KAKRB26,Y,Mumbai,England,ContactPageView,OtherPageView
KAKRP1,2016-05-28 20:00:00,2016-05-28 20:09:00,KAKRS4,KAKRB33,Y,Cochin,Belgium,SearchPageView,ListingDetailsPageView
KAKRP1,2016-05-28 20:39:00,2016-05-28 21:48:00,KAKRS3,KAKRB14,Y,Mumbai,Iran,LoginPageView,LoginPageView
KAKRP3,2016-05-28 22:18:00,2016-05-29 00:14:00,KAKRS2,KAKRB34,N,Nasik,England,LoginPageView,ContactPageView
KAKRP3,2016-05-29 00:44:00,2016-05-29 01:38:00,KAKRS6,KAKRB26,N,Nasik,Rome,LoginPageView,OtherPageView
KAKRP3,2016-05-29 02:08:00,2016-05-29 02:22:00,KAKRS6,KAKRB3,N,Mumbai,Spain,LoginPageView,OtherPageView
KAKRP3,2016-05-31 02:52:00,2016-05-31 04:29:00,KAKRS1,KAKRB4,Y,Mumbai,Israel,LoginPageView,LoginPageView
KAKRP2,2016-05-31 04:59:00,2016-05-31 05:46:00,KAKRS7,KAKRB10,Y,Cochin,South Korea,SearchPageView,SearchPageView
KAKRP4,2016-06-01 06:16:00,2016-06-01 07:14:00,KAKRS2,KAKRB21,Y,Hyderabad,Mexico,OtherPageView,SearchPageView
KAKRP4,2016-06-02 07:44:00,2016-06-02 08:52:00,KAKRS1,KAKRB2,Y,Vadodara,Belgium,SearchPageView,ContactPageView
KAKRP4,2016-06-03 09:22:00,2016-06-03 09:51:00,KAKRS1,KAKRB29,Y,Bangalore,Japan,OtherPageView,OtherPageView
KAKRP4,2016-06-03 10:21:00,2016-06-03 11:20:00,KAKRS3,KAKRB27,N,Bangalore,UAE,BlogPageView,LoginPageView
KAKRP6,2016-06-03 11:50:00,2016-06-03 12:55:00,KAKRS5,KAKRB33,N,Ahemdabad,China,ListingDetailsPageView,LoginPageView
KAKRP6,2016-06-04 13:25:00,2016-06-04 15:06:00,KAKRS4,KAKRB24,N,Cochin,Japan,SearchPageView,SearchPageView
KAKRP4,2016-06-06 15:36:00,2016-06-06 17:36:00,KAKRS3,KAKRB26,N,Ahemdabad,Canada,ContactPageView,BlogPageView
KAKRP4,2016-06-08 18:06:00,2016-06-08 18:30:00,KAKRS3,KAKRB25,Y,Kolkata,Norway,BlogPageView,ListingDetailsPageView
KAKRP6,2016-06-08 19:00:00,2016-06-08 19:33:00,KAKRS4,KAKRB20,Y,Cochin,China,BlogPageView,OtherPageView
KAKRP6,2016-06-09 20:03:00,2016-06-09 21:03:00,KAKRS2,KAKRB31,Y,Kolkata,Mexico,ListingDetailsPageView,OtherPageView
KAKRP2,2016-06-09 21:33:00,2016-06-09 21:58:00,KAKRS9,KAKRB21,Y,Hyderabad,Switzerland,ListingDetailsPageView,ContactPageView
KAKRP2,2016-06-11 22:28:00,2016-06-11 23:32:00,KAKRS6,KAKRB24,N,Goa,Italy,SearchPageView,SearchPageView
KAKRP3,2016-06-12 00:02:00,2016-06-12 01:17:00,KAKRS8,KAKRB9,Y,Goa,Spain,ListingDetailsPageView,SearchPageView
KAKRP3,2016-06-14 01:47:00,2016-06-14 03:33:00,KAKRS4,KAKRB14,N,Hyderabad,USA,BlogPageView,ListingDetailsPageView
KAKRP3,2016-06-15 04:03:00,2016-06-15 05:13:00,KAKRS3,KAKRB4,N,Mumbai,Japan,ListingDetailsPageView,ListingDetailsPageView
KAKRP3,2016-06-15 05:43:00,2016-06-15 06:18:00,KAKRS6,KAKRB23,Y,Vadodara,Switzerland,LoginPageView,OtherPageView
KAKRP3,2016-06-15 06:48:00,2016-06-15 07:18:00,KAKRS2,KAKRB3,N,Goa,Iran,LoginPageView,ListingDetailsPageView
KAKRP1,2016-06-16 07:48:00,2016-06-16 09:43:00,KAKRS9,KAKRB3,N,Bangalore,Russia,LoginPageView,OtherPageView
KAKRP1,2016-06-17 10:13:00,2016-06-17 12:06:00,KAKRS7,KAKRB16,N,Hyderabad,Mexico,LoginPageView,ListingDetailsPageView
KAKRP1,2016-06-18 12:36:00,2016-06-18 14:13:00,KAKRS9,KAKRB23,N,Hyderabad,Switzerland,LoginPageView,OtherPageView
KAKRP1,2016-06-20 14:43:00,2016-06-20 16:43:00,KAKRS7,KAKRB8,N,Vadodara,Iran,LoginPageView,ListingDetailsPageView
KAKRP1,2016-06-20 17:13:00,2016-06-20 17:43:00,KAKRS7,KAKRB14,Y,Chennai,UAE,ContactPageView,ListingDetailsPageView
KAKRP6,2016-06-22 18:13:00,2016-06-22 18:31:00,KAKRS9,KAKRB25,Y,Bangalore,UAE,LoginPageView,OtherPageView
KAKRP4,2016-06-24 19:01:00,2016-06-24 19:02:00,KAKRS8,KAKRB20,N,Delhi,Norway,ContactPageView,ListingDetailsPageView
KAKRP4,2016-06-25 19:32:00,2016-06-25 19:44:00,KAKRS9,KAKRB28,Y,Gurgaon,Belgium,ListingDetailsPageView,ListingDetailsPageView
KAKRP4,2016-06-25 20:14:00,2016-06-25 20:46:00,KAKRS2,KAKRB33,N,Mumbai,South Africa,BlogPageView,LoginPageView
KAKRP6,2016-06-26 21:16:00,2016-06-26 21:26:00,KAKRS8,KAKRB30,N,Bangalore,Mexico,LoginPageView,SearchPageView
KAKRP2,2016-06-27 21:56:00,2016-06-27 23:16:00,KAKRS1,KAKRB33,N,Chennai,Turkey,ListingDetailsPageView,ListingDetailsPageView
KAKRP2,2016-06-27 23:46:00,2016-06-28 00:08:00,KAKRS6,KAKRB13,N,Mumbai,Iran,OtherPageView,OtherPageView
KAKRP3,2016-06-30 00:38:00,2016-06-30 02:15:00,KAKRS2,KAKRB22,N,Ahemdabad,Hong Kong,LoginPageView,ListingDetailsPageView
KAKRP3,2016-07-01 02:45:00,2016-07-01 03:41:00,KAKRS9,KAKRB3,Y,Goa,Canada,ContactPageView,LoginPageView
KAKRP3,2016-07-02 04:11:00,2016-07-02 04:25:00,KAKRS2,KAKRB15,Y,Vadodara,Norway,ContactPageView,LoginPageView
KAKRP3,2016-07-02 04:55:00,2016-07-02 06:03:00,KAKRS6,KAKRB30,Y,Cochin,Belgium,ListingDetailsPageView,SearchPageView
KAKRP3,2016-07-02 06:33:00,2016-07-02 08:00:00,KAKRS5,KAKRB18,N,Vadodara,Spain,ContactPageView,ContactPageView
KAKRP3,2016-07-02 08:30:00,2016-07-02 08:58:00,KAKRS2,KAKRB15,Y,Chennai,Mexico,OtherPageView,OtherPageView
KAKRP3,2016-07-04 09:28:00,2016-07-04 10:29:00,KAKRS4,KAKRB11,Y,Bangalore,Mexico,BlogPageView,BlogPageView
KAKRP1,2016-07-05 10:59:00,2016-07-05 11:17:00,KAKRS3,KAKRB14,Y,Vadodara,Austria,ListingDetailsPageView,SearchPageView
KAKRP1,2016-07-06 11:47:00,2016-07-06 12:54:00,KAKRS7,KAKRB2,N,Chennai,USA,LoginPageView,ContactPageView
KAKRP1,2016-07-06 13:24:00,2016-07-06 14:09:00,KAKRS8,KAKRB12,Y,Nasik,Netherland,LoginPageView,BlogPageView
KAKRP6,2016-07-08 14:39:00,2016-07-08 14:50:00,KAKRS1,KAKRB7,N,Kolkata,Mexico,LoginPageView,LoginPageView
KAKRP6,2016-07-09 15:20:00,2016-07-09 16:11:00,KAKRS5,KAKRB15,N,Cochin,Japan,LoginPageView,BlogPageView
KAKRP6,2016-07-11 16:41:00,2016-07-11 18:24:00,KAKRS6,KAKRB18,Y,Vadodara,Iran,LoginPageView,ListingDetailsPageView
KAKRP4,2016-07-11 18:54:00,2016-07-11 20:19:00,KAKRS5,KAKRB31,Y,Mumbai,Spain,LoginPageView,ListingDetailsPageView
KAKRP4,2016-07-13 20:49:00,2016-07-13 21:04:00,KAKRS8,KAKRB28,Y,Delhi,Sweden,LoginPageView,SearchPageView
KAKRP6,2016-07-15 21:34:00,2016-07-15 22:22:00,KAKRS8,KAKRB1,Y,Nasik,Japan,ContactPageView,BlogPageView
KAKRP6,2016-07-15 22:52:00,2016-07-15 23:00:00,KAKRS1,KAKRB4,N,Gurgaon,Turkey,LoginPageView,ListingDetailsPageView
KAKRP2,2016-07-15 23:30:00,2016-07-16 00:25:00,KAKRS9,KAKRB11,N,Delhi,Austria,LoginPageView,LoginPageView
KAKRP2,2016-07-17 00:55:00,2016-07-17 01:07:00,KAKRS2,KAKRB13,Y,Bangalore,UAE,OtherPageView,BlogPageView
KAKRP2,2016-07-17 01:37:00,2016-07-17 03:30:00,KAKRS6,KAKRB9,Y,Delhi,Japan,ContactPageView,OtherPageView
KAKRP3,2016-07-17 04:00:00,2016-07-17 05:18:00,KAKRS7,KAKRB3,N,Cochin,Rome,OtherPageView,BlogPageView
KAKRP3,2016-07-17 05:48:00,2016-07-17 06:07:00,KAKRS2,KAKRB24,Y,Nasik,Austria,LoginPageView,ContactPageView
KAKRP3,2016-07-18 06:37:00,2016-07-18 07:32:00,KAKRS1,KAKRB26,Y,Bangalore,Russia,OtherPageView,BlogPageView
KAKRP3,2016-07-19 08:02:00,2016-07-19 08:31:00,KAKRS6,KAKRB6,N,Nasik,South Korea,ContactPageView,OtherPageView
KAKRP3,2016-07-19 09:01:00,2016-07-19 10:49:00,KAKRS6,KAKRB1,N,Vadodara,England,ListingDetailsPageView,BlogPageView
KAKRP3,2016-07-20 11:19:00,2016-07-20 12:10:00,KAKRS2,KAKRB2,N,Chennai,Sweden,SearchPageView,LoginPageView
KAKRP1,2016-07-22 12:40:00,2016-07-22 13:30:00,KAKRS8,KAKRB19,Y,Ahemdabad,Mexico,LoginPageView,SearchPageView
KAKRP1,2016-07-23 14:00:00,2016-07-23 14:40:00,KAKRS8,KAKRB6,N,Gurgaon,Japan,ContactPageView,OtherPageView
KAKRP1,2016-07-25 15:10:00,2016-07-25 16:16:00,KAKRS7,KAKRB1,Y,Kolkata,Iran,SearchPageView,OtherPageView
KAKRP1,2016-07-25 16:46:00,2016-07-25 18:18:00,KAKRS1,KAKRB32,Y,Vadodara,South Africa,OtherPageView,SearchPageView
KAKRP1,2016-07-25 18:48:00,2016-07-25 20:37:00,KAKRS5,KAKRB21,Y,Chennai,Sweden,OtherPageView,ContactPageView
KAKRP1,2016-07-25 21:07:00,2016-07-25 22:08:00,KAKRS9,KAKRB22,Y,Ahemdabad,Switzerland,LoginPageView,OtherPageView
KAKRP6,2016-07-25 22:38:00,2016-07-26 00:36:00,KAKRS4,KAKRB9,N,Gurgaon,USA,OtherPageView,LoginPageView
KAKRP4,2016-07-26 01:06:00,2016-07-26 03:05:00,KAKRS3,KAKRB15,N,Mumbai,UAE,LoginPageView,ListingDetailsPageView
KAKRP4,2016-07-28 03:35:00,2016-07-28 04:04:00,KAKRS9,KAKRB9,N,Kolkata,Italy,LoginPageView,OtherPageView
KAKRP2,2016-07-28 04:34:00,2016-07-28 05:57:00,KAKRS5,KAKRB5,N,Nasik,South Africa,LoginPageView,BlogPageView
KAKRP2,2016-07-28 06:27:00,2016-07-28 07:00:00,KAKRS3,KAKRB18,N,Chennai,Switzerland,LoginPageView,SearchPageView
KAKRP3,2016-07-29 07:30:00,2016-07-29 08:56:00,KAKRS3,KAKRB24,Y,Hyderabad,Israel,LoginPageView,LoginPageView
KAKRP3,2016-07-31 09:26:00,2016-07-31 10:59:00,KAKRS6,KAKRB8,N,Delhi,Iran,LoginPageView,BlogPageView
KAKRP3,2016-08-02 11:29:00,2016-08-02 13:22:00,KAKRS3,KAKRB28,Y,Delhi,Canada,OtherPageView,ListingDetailsPageView
KAKRP3,2016-08-02 13:52:00,2016-08-02 13:54:00,KAKRS2,KAKRB29,Y,Vadodara,Japan,OtherPageView,ContactPageView
KAKRP3,2016-08-02 14:24:00,2016-08-02 15:38:00,KAKRS4,KAKRB2,N,Nasik,Japan,ContactPageView,LoginPageView
KAKRP3,2016-08-02 16:08:00,2016-08-02 17:09:00,KAKRS1,KAKRB24,N,Chennai,Switzerland,BlogPageView,SearchPageView
KAKRP2,2016-08-02 17:39:00,2016-08-02 18:58:00,KAKRS4,KAKRB25,N,Gurgaon,Canada,SearchPageView,ContactPageView
KAKRP3,2016-08-02 19:28:00,2016-08-02 19:31:00,KAKRS6,KAKRB7,Y,Cochin,Japan,ListingDetailsPageView,SearchPageView
KAKRP3,2016-08-04 20:01:00,2016-08-04 20:42:00,KAKRS4,KAKRB27,N,Cochin,South Africa,ListingDetailsPageView,LoginPageView
KAKRP3,2016-08-04 21:12:00,2016-08-04 22:48:00,KAKRS2,KAKRB24,N,Mumbai,USA,SearchPageView,SearchPageView
KAKRP1,2016-08-05 23:18:00,2016-08-06 00:59:00,KAKRS3,KAKRB8,N,Goa,China,LoginPageView,ContactPageView
KAKRP1,2016-08-07 01:29:00,2016-08-07 02:47:00,KAKRS3,KAKRB23,Y,Kolkata,Sweden,BlogPageView,SearchPageView
KAKRP1,2016-08-08 03:17:00,2016-08-08 04:33:00,KAKRS4,KAKRB27,Y,Bangalore,Hong Kong,ContactPageView,ListingDetailsPageView
KAKRP1,2016-08-10 05:03:00,2016-08-10 05:20:00,KAKRS6,KAKRB34,Y,Nasik,Japan,SearchPageView,OtherPageView
KAKRP1,2016-08-10 05:50:00,2016-08-10 07:02:00,KAKRS4,KAKRB30,N,Vadodara,USA,BlogPageView,BlogPageView
KAKRP1,2016-08-10 07:32:00,2016-08-10 07:54:00,KAKRS1,KAKRB9,N,Hyderabad,Austria,SearchPageView,ContactPageView
KAKRP6,2016-08-11 08:24:00,2016-08-11 08:54:00,KAKRS9,KAKRB14,Y,Mumbai,China,SearchPageView,LoginPageView
KAKRP5,2016-08-13 09:24:00,2016-08-13 10:44:00,KAKRS8,KAKRB11,N,Chennai,Spain,LoginPageView,BlogPageView
KAKRP5,2016-08-15 11:14:00,2016-08-15 11:51:00,KAKRS4,KAKRB9,Y,Cochin,Mexico,LoginPageView,ContactPageView
KAKRP5,2016-08-15 12:21:00,2016-08-15 12:28:00,KAKRS5,KAKRB10,N,Chennai,Belgium,LoginPageView,LoginPageView
KAKRP6,2016-08-17 12:58:00,2016-08-17 14:36:00,KAKRS4,KAKRB26,N,Cochin,Netherland,LoginPageView,SearchPageView
KAKRP3,2016-08-17 15:06:00,2016-08-17 16:24:00,KAKRS4,KAKRB24,N,Chennai,Iran,LoginPageView,SearchPageView
KAKRP5,2016-08-18 16:54:00,2016-08-18 18:02:00,KAKRS8,KAKRB29,Y,Vadodara,South Africa,LoginPageView,SearchPageView
KAKRP5,2016-08-19 18:32:00,2016-08-19 20:28:00,KAKRS7,KAKRB25,Y,Goa,Sweden,LoginPageView,BlogPageView
KAKRP5,2016-08-20 20:58:00,2016-08-20 21:23:00,KAKRS2,KAKRB5,Y,Cochin,Switzerland,LoginPageView,BlogPageView
KAKRP5,2016-08-20 21:53:00,2016-08-20 23:44:00,KAKRS1,KAKRB25,N,Bangalore,USA,LoginPageView,OtherPageView
KAKRP1,2016-08-21 00:14:00,2016-08-21 02:04:00,KAKRS2,KAKRB1,Y,Cochin,UAE,ContactPageView,ListingDetailsPageView
KAKRP1,2016-08-22 02:34:00,2016-08-22 03:29:00,KAKRS8,KAKRB28,Y,Ahemdabad,Italy,LoginPageView,LoginPageView
KAKRP1,2016-08-22 03:59:00,2016-08-22 04:10:00,KAKRS1,KAKRB29,N,Goa,South Africa,ListingDetailsPageView,ContactPageView
KAKRP1,2016-08-24 04:40:00,2016-08-24 05:51:00,KAKRS9,KAKRB13,N,Vadodara,Switzerland,ContactPageView,BlogPageView
KAKRP2,2016-08-24 06:21:00,2016-08-24 06:32:00,KAKRS2,KAKRB12,N,Vadodara,Israel,SearchPageView,OtherPageView
KAKRP2,2016-08-24 07:02:00,2016-08-24 07:34:00,KAKRS9,KAKRB22,Y,Nasik,Iran,SearchPageView,BlogPageView
KAKRP2,2016-08-24 08:04:00,2016-08-24 08:08:00,KAKRS3,KAKRB13,Y,Vadodara,Iran,SearchPageView,ContactPageView
KAKRP2,2016-08-25 08:38:00,2016-08-25 09:19:00,KAKRS6,KAKRB11,Y,Nasik,South Africa,OtherPageView,LoginPageView
KAKRP1,2016-08-25 09:49:00,2016-08-25 10:59:00,KAKRS1,KAKRB5,Y,Goa,Sweden,LoginPageView,ContactPageView
KAKRP1,2016-08-25 11:29:00,2016-08-25 12:10:00,KAKRS5,KAKRB13,N,Goa,Russia,OtherPageView,LoginPageView
KAKRP1,2016-08-26 12:40:00,2016-08-26 12:45:00,KAKRS2,KAKRB3,Y,Ahemdabad,Turkey,OtherPageView,ListingDetailsPageView
KAKRP3,2016-08-26 13:15:00,2016-08-26 15:12:00,KAKRS5,KAKRB7,Y,Vadodara,Mexico,SearchPageView,BlogPageView
KAKRP3,2016-08-28 15:42:00,2016-08-28 16:56:00,KAKRS7,KAKRB15,Y,Mumbai,Italy,ContactPageView,ContactPageView
KAKRP2,2016-08-29 17:26:00,2016-08-29 17:55:00,KAKRS7,KAKRB1,Y,Hyderabad,Russia,LoginPageView,ContactPageView
KAKRP2,2016-08-30 18:25:00,2016-08-30 19:56:00,KAKRS9,KAKRB6,Y,Bangalore,UAE,LoginPageView,SearchPageView
KAKRP2,2016-08-31 20:26:00,2016-08-31 21:15:00,KAKRS6,KAKRB6,N,Bangalore,Italy,LoginPageView,BlogPageView
KAKRP3,2016-08-31 21:45:00,2016-08-31 23:44:00,KAKRS9,KAKRB34,Y,Chennai,Austria,LoginPageView,ContactPageView
KAKRP3,2016-09-02 00:14:00,2016-09-02 00:20:00,KAKRS5,KAKRB6,N,Gurgaon,Italy,LoginPageView,ListingDetailsPageView
KAKRP5,2016-09-02 00:50:00,2016-09-02 02:20:00,KAKRS9,KAKRB20,N,Hyderabad,South Africa,LoginPageView,ListingDetailsPageView
KAKRP5,2016-09-03 02:50:00,2016-09-03 04:14:00,KAKRS4,KAKRB2,N,Hyderabad,Spain,LoginPageView,BlogPageView
KAKRP5,2016-09-05 04:44:00,2016-09-05 05:12:00,KAKRS9,KAKRB7,Y,Goa,Mexico,LoginPageView,OtherPageView
KAKRP5,2016-09-05 05:42:00,2016-09-05 07:00:00,KAKRS5,KAKRB28,N,Gurgaon,Russia,OtherPageView,ContactPageView
KAKRP2,2016-09-06 07:30:00,2016-09-06 09:09:00,KAKRS2,KAKRB27,N,Hyderabad,Sweden,ListingDetailsPageView,ListingDetailsPageView
KAKRP2,2016-09-06 09:39:00,2016-09-06 09:56:00,KAKRS1,KAKRB34,Y,Kolkata,South Korea,LoginPageView,BlogPageView
KAKRP2,2016-09-07 10:26:00,2016-09-07 11:21:00,KAKRS5,KAKRB7,Y,Nasik,Netherland,ContactPageView,ContactPageView
KAKRP2,2016-09-07 11:51:00,2016-09-07 13:08:00,KAKRS5,KAKRB30,N,Delhi,Japan,ContactPageView,LoginPageView
KAKRP3,2016-09-08 13:38:00,2016-09-08 15:38:00,KAKRS3,KAKRB6,N,Kolkata,Switzerland,SearchPageView,LoginPageView
KAKRP3,2016-09-08 16:08:00,2016-09-08 17:38:00,KAKRS3,KAKRB29,Y,Vadodara,Canada,BlogPageView,ListingDetailsPageView
KAKRP3,2016-09-09 18:08:00,2016-09-09 19:39:00,KAKRS8,KAKRB14,N,Delhi,Japan,LoginPageView,OtherPageView
KAKRP3,2016-09-10 20:09:00,2016-09-10 20:45:00,KAKRS6,KAKRB18,N,Nasik,Iran,ListingDetailsPageView,LoginPageView
KAKRP3,2016-09-11 21:15:00,2016-09-11 21:47:00,KAKRS4,KAKRB19,Y,Cochin,South Africa,BlogPageView,SearchPageView
KAKRP1,2016-09-12 22:17:00,2016-09-12 23:10:00,KAKRS9,KAKRB16,N,Goa,Sweden,SearchPageView,ContactPageView
KAKRP1,2016-09-14 23:40:00,2016-09-14 23:56:00,KAKRS8,KAKRB3,Y,Mumbai,Switzerland,LoginPageView,LoginPageView
KAKRP2,2016-09-16 00:26:00,2016-09-16 02:12:00,KAKRS6,KAKRB15,N,Gurgaon,USA,LoginPageView,ContactPageView
KAKRP2,2016-09-17 02:42:00,2016-09-17 04:26:00,KAKRS2,KAKRB18,N,Mumbai,UAE,LoginPageView,LoginPageView
KAKRP2,2016-09-17 04:56:00,2016-09-17 05:53:00,KAKRS1,KAKRB17,N,Cochin,Italy,LoginPageView,BlogPageView
KAKRP2,2016-09-17 06:23:00,2016-09-17 07:34:00,KAKRS6,KAKRB30,Y,Hyderabad,South Africa,LoginPageView,LoginPageView
KAKRP2,2016-09-19 08:04:00,2016-09-19 09:35:00,KAKRS7,KAKRB7,N,Nasik,Switzerland,LoginPageView,ContactPageView
KAKRP2,2016-09-19 10:05:00,2016-09-19 10:22:00,KAKRS6,KAKRB22,Y,Ahemdabad,Israel,ContactPageView,BlogPageView
KAKRP6,2016-09-21 10:52:00,2016-09-21 11:59:00,KAKRS9,KAKRB12,Y,Delhi,Iran,LoginPageView,ContactPageView
KAKRP2,2016-09-21 12:29:00,2016-09-21 12:39:00,KAKRS2,KAKRB21,Y,Bangalore,Canada,LoginPageView,LoginPageView
KAKRP2,2016-09-22 13:09:00,2016-09-22 14:58:00,KAKRS7,KAKRB21,Y,Ahemdabad,South Africa,OtherPageView,LoginPageView
KAKRP2,2016-09-22 15:28:00,2016-09-22 16:44:00,KAKRS6,KAKRB6,Y,Hyderabad,Belgium,ListingDetailsPageView,OtherPageView
KAKRP2,2016-09-22 17:14:00,2016-09-22 18:56:00,KAKRS2,KAKRB10,N,Vadodara,Belgium,BlogPageView,LoginPageView
KAKRP3,2016-09-24 19:26:00,2016-09-24 19:43:00,KAKRS2,KAKRB22,N,Cochin,Sweden,ContactPageView,ListingDetailsPageView
KAKRP3,2016-09-24 20:13:00,2016-09-24 20:15:00,KAKRS7,KAKRB7,N,Goa,Russia,ListingDetailsPageView,ListingDetailsPageView
KAKRP3,2016-09-24 20:45:00,2016-09-24 22:41:00,KAKRS6,KAKRB8,N,Kolkata,South Korea,ContactPageView,SearchPageView
KAKRP5,2016-09-24 23:11:00,2016-09-24 23:23:00,KAKRS3,KAKRB21,N,Bangalore,Netherland,BlogPageView,ContactPageView
KAKRP5,2016-09-24 23:53:00,2016-09-25 01:17:00,KAKRS2,KAKRB31,Y,Vadodara,Turkey,ListingDetailsPageView,BlogPageView
KAKRP5,2016-09-25 01:47:00,2016-09-25 03:03:00,KAKRS6,KAKRB16,Y,Bangalore,Rome,SearchPageView,ListingDetailsPageView
KAKRP5,2016-09-27 03:33:00,2016-09-27 03:53:00,KAKRS3,KAKRB14,Y,Hyderabad,China,ContactPageView,ContactPageView
KAKRP1,2016-09-29 04:23:00,2016-09-29 05:53:00,KAKRS6,KAKRB16,N,Nasik,Turkey,SearchPageView,SearchPageView
KAKRP2,2016-09-30 06:23:00,2016-09-30 07:40:00,KAKRS8,KAKRB32,N,Ahemdabad,Netherland,LoginPageView,ContactPageView
KAKRP2,2016-10-01 08:10:00,2016-10-01 10:07:00,KAKRS8,KAKRB16,Y,Bangalore,Iran,LoginPageView,OtherPageView
KAKRP2,2016-10-02 10:37:00,2016-10-02 11:13:00,KAKRS4,KAKRB6,N,Ahemdabad,South Korea,SearchPageView,SearchPageView
KAKRP2,2016-10-04 11:43:00,2016-10-04 12:38:00,KAKRS4,KAKRB9,Y,Vadodara,Hong Kong,LoginPageView,LoginPageView
KAKRP2,2016-10-05 13:08:00,2016-10-05 13:54:00,KAKRS3,KAKRB19,N,Cochin,South Korea,OtherPageView,SearchPageView
KAKRP2,2016-10-07 14:24:00,2016-10-07 16:19:00,KAKRS2,KAKRB10,N,Nasik,Switzerland,BlogPageView,ContactPageView
KAKRP2,2016-10-07 16:49:00,2016-10-07 17:41:00,KAKRS8,KAKRB27,N,Chennai,Sweden,ListingDetailsPageView,OtherPageView
KAKRP1,2016-10-09 18:11:00,2016-10-09 19:07:00,KAKRS6,KAKRB7,N,Cochin,Russia,ListingDetailsPageView,LoginPageView
KAKRP6,2016-10-09 19:37:00,2016-10-09 21:28:00,KAKRS6,KAKRB21,N,Vadodara,Rome,ListingDetailsPageView,ListingDetailsPageView
KAKRP6,2016-10-10 21:58:00,2016-10-10 22:09:00,KAKRS6,KAKRB8,Y,Chennai,China,ContactPageView,ContactPageView
KAKRP3,2016-10-10 22:39:00,2016-10-10 23:38:00,KAKRS2,KAKRB8,N,Ahemdabad,Hong Kong,OtherPageView,SearchPageView
KAKRP3,2016-10-13 00:08:00,2016-10-13 00:17:00,KAKRS1,KAKRB24,N,Bangalore,Norway,LoginPageView,BlogPageView
KAKRP3,2016-10-14 00:47:00,2016-10-14 01:51:00,KAKRS8,KAKRB11,Y,Chennai,Switzerland,BlogPageView,LoginPageView
KAKRP5,2016-10-15 02:21:00,2016-10-15 03:43:00,KAKRS2,KAKRB28,Y,Ahemdabad,Israel,BlogPageView,ContactPageView
KAKRP5,2016-10-16 04:13:00,2016-10-16 04:51:00,KAKRS9,KAKRB11,Y,Ahemdabad,England,BlogPageView,ContactPageView
KAKRP5,2016-10-16 05:21:00,2016-10-16 06:50:00,KAKRS7,KAKRB25,N,Goa,Turkey,ListingDetailsPageView,ContactPageView
KAKRP5,2016-10-16 07:20:00,2016-10-16 08:51:00,KAKRS4,KAKRB5,N,Delhi,Canada,LoginPageView,SearchPageView
KAKRP4,2016-10-18 09:21:00,2016-10-18 09:25:00,KAKRS9,KAKRB2,Y,Chennai,Norway,OtherPageView,SearchPageView
KAKRP2,2016-10-19 09:55:00,2016-10-19 10:38:00,KAKRS4,KAKRB20,N,Chennai,Switzerland,BlogPageView,BlogPageView
KAKRP2,2016-10-21 11:08:00,2016-10-21 11:45:00,KAKRS6,KAKRB17,Y,Cochin,Austria,OtherPageView,BlogPageView
KAKRP2,2016-10-22 12:15:00,2016-10-22 13:47:00,KAKRS7,KAKRB30,N,Gurgaon,Spain,ListingDetailsPageView,OtherPageView
KAKRP6,2016-10-22 14:17:00,2016-10-22 15:17:00,KAKRS3,KAKRB25,N,Cochin,Switzerland,OtherPageView,OtherPageView
KAKRP6,2016-10-22 15:47:00,2016-10-22 16:01:00,KAKRS1,KAKRB30,Y,Gurgaon,Rome,SearchPageView,BlogPageView
KAKRP1,2016-10-22 16:31:00,2016-10-22 17:57:00,KAKRS8,KAKRB4,N,Chennai,USA,BlogPageView,ContactPageView
KAKRP1,2016-10-22 18:27:00,2016-10-22 19:51:00,KAKRS2,KAKRB15,Y,Chennai,Switzerland,ContactPageView,ContactPageView
KAKRP1,2016-10-23 20:21:00,2016-10-23 20:37:00,KAKRS3,KAKRB18,Y,Gurgaon,Turkey,OtherPageView,SearchPageView
KAKRP1,2016-10-24 21:07:00,2016-10-24 21:15:00,KAKRS9,KAKRB9,N,Kolkata,Belgium,ContactPageView,ContactPageView
KAKRP1,2016-10-24 21:45:00,2016-10-24 22:20:00,KAKRS1,KAKRB10,N,Kolkata,Belgium,ListingDetailsPageView,OtherPageView
KAKRP3,2016-10-26 22:50:00,2016-10-26 23:34:00,KAKRS9,KAKRB20,Y,Cochin,England,OtherPageView,ContactPageView
KAKRP3,2016-10-28 00:04:00,2016-10-28 00:43:00,KAKRS8,KAKRB16,Y,Mumbai,Turkey,ContactPageView,ContactPageView
KAKRP3,2016-10-28 01:13:00,2016-10-28 02:11:00,KAKRS1,KAKRB19,Y,Mumbai,Israel,ContactPageView,ListingDetailsPageView
KAKRP2,2016-10-29 02:41:00,2016-10-29 03:02:00,KAKRS3,KAKRB31,Y,Cochin,Italy,OtherPageView,ContactPageView
KAKRP3,2016-10-29 03:32:00,2016-10-29 04:48:00,KAKRS8,KAKRB24,Y,Goa,South Africa,SearchPageView,SearchPageView
KAKRP3,2016-10-30 05:18:00,2016-10-30 05:27:00,KAKRS8,KAKRB25,N,Cochin,Italy,ListingDetailsPageView,BlogPageView
KAKRP3,2016-11-01 05:57:00,2016-11-01 06:36:00,KAKRS6,KAKRB17,Y,Gurgaon,Hong Kong,ContactPageView,ContactPageView
KAKRP3,2016-11-01 07:06:00,2016-11-01 07:20:00,KAKRS7,KAKRB17,Y,Delhi,Sweden,SearchPageView,LoginPageView
KAKRP2,2016-11-03 07:50:00,2016-11-03 09:09:00,KAKRS5,KAKRB20,Y,Bangalore,USA,ListingDetailsPageView,LoginPageView
KAKRP5,2016-11-04 09:39:00,2016-11-04 09:42:00,KAKRS7,KAKRB19,N,Mumbai,Sweden,LoginPageView,LoginPageView
KAKRP5,2016-11-05 10:12:00,2016-11-05 10:34:00,KAKRS1,KAKRB32,N,Nasik,South Africa,LoginPageView,SearchPageView
KAKRP5,2016-11-05 11:04:00,2016-11-05 12:47:00,KAKRS3,KAKRB17,Y,Bangalore,China,LoginPageView,LoginPageView
KAKRP1,2016-11-06 13:17:00,2016-11-06 14:27:00,KAKRS6,KAKRB7,N,Bangalore,Italy,LoginPageView,ContactPageView
KAKRP1,2016-11-07 14:57:00,2016-11-07 15:48:00,KAKRS9,KAKRB13,N,Chennai,Israel,LoginPageView,LoginPageView
KAKRP1,2016-11-07 16:18:00,2016-11-07 16:50:00,KAKRS5,KAKRB17,Y,Delhi,Hong Kong,LoginPageView,LoginPageView
KAKRP1,2016-11-09 17:20:00,2016-11-09 17:23:00,KAKRS7,KAKRB1,N,Gurgaon,USA,LoginPageView,ListingDetailsPageView
KAKRP6,2016-11-11 17:53:00,2016-11-11 18:51:00,KAKRS2,KAKRB20,Y,Vadodara,Norway,LoginPageView,OtherPageView
KAKRP3,2016-11-11 19:21:00,2016-11-11 19:27:00,KAKRS1,KAKRB11,Y,Chennai,South Africa,BlogPageView,SearchPageView
KAKRP5,2016-11-13 19:57:00,2016-11-13 20:40:00,KAKRS7,KAKRB29,Y,Delhi,Italy,ContactPageView,LoginPageView
KAKRP5,2016-11-14 21:10:00,2016-11-14 21:20:00,KAKRS3,KAKRB27,N,Ahemdabad,Spain,LoginPageView,ListingDetailsPageView
KAKRP5,2016-11-15 21:50:00,2016-11-15 23:27:00,KAKRS7,KAKRB26,Y,Hyderabad,Sweden,ContactPageView,SearchPageView
KAKRP5,2016-11-17 23:57:00,2016-11-18 01:55:00,KAKRS2,KAKRB4,Y,Hyderabad,Hong Kong,ListingDetailsPageView,LoginPageView
KAKRP5,2016-11-19 02:25:00,2016-11-19 02:30:00,KAKRS9,KAKRB30,Y,Nasik,Hong Kong,ContactPageView,LoginPageView
KAKRP5,2016-11-20 03:00:00,2016-11-20 03:15:00,KAKRS8,KAKRB23,Y,Goa,Spain,BlogPageView,LoginPageView
KAKRP5,2016-11-20 03:45:00,2016-11-20 05:04:00,KAKRS8,KAKRB4,N,Goa,Netherland,ContactPageView,ContactPageView
KAKRP3,2016-11-22 05:34:00,2016-11-22 06:58:00,KAKRS4,KAKRB14,N,Chennai,Belgium,OtherPageView,ListingDetailsPageView
KAKRP3,2016-11-22 07:28:00,2016-11-22 08:10:00,KAKRS3,KAKRB7,N,Kolkata,UAE,ListingDetailsPageView,OtherPageView
KAKRP3,2016-11-22 08:40:00,2016-11-22 10:25:00,KAKRS9,KAKRB11,Y,Cochin,Switzerland,OtherPageView,BlogPageView
KAKRP3,2016-11-22 10:55:00,2016-11-22 11:35:00,KAKRS8,KAKRB14,N,Kolkata,South Korea,ContactPageView,ContactPageView
KAKRP3,2016-11-24 12:05:00,2016-11-24 12:34:00,KAKRS4,KAKRB10,Y,Nasik,Russia,OtherPageView,SearchPageView
KAKRP1,2016-11-26 13:04:00,2016-11-26 14:02:00,KAKRS5,KAKRB23,Y,Kolkata,UAE,BlogPageView,ListingDetailsPageView
KAKRP1,2016-11-28 14:32:00,2016-11-28 14:38:00,KAKRS2,KAKRB23,Y,Mumbai,China,ListingDetailsPageView,SearchPageView
KAKRP1,2016-11-30 15:08:00,2016-11-30 16:00:00,KAKRS8,KAKRB33,Y,Hyderabad,Rome,OtherPageView,OtherPageView
KAKRP1,2016-12-01 16:30:00,2016-12-01 18:01:00,KAKRS9,KAKRB8,Y,Delhi,Iran,BlogPageView,SearchPageView
KAKRP6,2016-12-02 18:31:00,2016-12-02 20:11:00,KAKRS1,KAKRB22,Y,Chennai,Canada,LoginPageView,ContactPageView
KAKRP6,2016-12-02 20:41:00,2016-12-02 22:37:00,KAKRS8,KAKRB17,Y,Gurgaon,Norway,OtherPageView,BlogPageView
KAKRP6,2016-12-04 23:07:00,2016-12-04 23:09:00,KAKRS6,KAKRB18,N,Mumbai,Switzerland,LoginPageView,BlogPageView
KAKRP5,2016-12-04 23:39:00,2016-12-05 01:08:00,KAKRS7,KAKRB34,Y,Nasik,Austria,LoginPageView,SearchPageView
KAKRP5,2016-12-06 01:38:00,2016-12-06 01:46:00,KAKRS4,KAKRB5,Y,Kolkata,Spain,BlogPageView,ListingDetailsPageView
KAKRP5,2016-12-07 02:16:00,2016-12-07 03:42:00,KAKRS8,KAKRB26,N,Kolkata,Switzerland,SearchPageView,ContactPageView
KAKRP6,2016-12-09 04:12:00,2016-12-09 04:22:00,KAKRS2,KAKRB15,N,Nasik,Rome,BlogPageView,SearchPageView
KAKRP6,2016-12-09 04:52:00,2016-12-09 05:32:00,KAKRS2,KAKRB12,N,Chennai,USA,OtherPageView,OtherPageView
KAKRP6,2016-12-11 06:02:00,2016-12-11 07:37:00,KAKRS2,KAKRB11,N,Ahemdabad,Switzerland,LoginPageView,LoginPageView
KAKRP2,2016-12-12 08:07:00,2016-12-12 09:02:00,KAKRS4,KAKRB33,N,Kolkata,Turkey,LoginPageView,ListingDetailsPageView
KAKRP3,2016-12-13 09:32:00,2016-12-13 09:57:00,KAKRS3,KAKRB7,N,Bangalore,Belgium,LoginPageView,SearchPageView
KAKRP3,2016-12-13 10:27:00,2016-12-13 12:11:00,KAKRS8,KAKRB22,Y,Goa,Belgium,LoginPageView,BlogPageView
KAKRP3,2016-12-14 12:41:00,2016-12-14 14:26:00,KAKRS7,KAKRB29,Y,Cochin,England,LoginPageView,SearchPageView
KAKRP3,2016-12-15 14:56:00,2016-12-15 16:48:00,KAKRS8,KAKRB12,Y,Nasik,Turkey,LoginPageView,LoginPageView
KAKRP3,2016-12-15 17:18:00,2016-12-15 18:21:00,KAKRS7,KAKRB6,Y,Bangalore,Israel,LoginPageView,LoginPageView
KAKRP1,2016-12-17 18:51:00,2016-12-17 19:33:00,KAKRS8,KAKRB17,N,Delhi,Rome,LoginPageView,LoginPageView
KAKRP1,2016-12-17 20:03:00,2016-12-17 21:04:00,KAKRS7,KAKRB23,N,Vadodara,Japan,LoginPageView,OtherPageView
KAKRP1,2016-12-19 21:34:00,2016-12-19 23:18:00,KAKRS2,KAKRB23,Y,Nasik,Norway,ContactPageView,OtherPageView
KAKRP1,2016-12-19 23:48:00,2016-12-20 01:02:00,KAKRS2,KAKRB25,N,Hyderabad,Spain,LoginPageView,OtherPageView
KAKRP3,2016-12-22 01:32:00,2016-12-22 03:08:00,KAKRS1,KAKRB14,N,Chennai,China,OtherPageView,OtherPageView
KAKRP3,2016-12-22 03:38:00,2016-12-22 05:10:00,KAKRS5,KAKRB25,N,Mumbai,Japan,BlogPageView,BlogPageView
KAKRP3,2016-12-23 05:40:00,2016-12-23 07:09:00,KAKRS8,KAKRB16,Y,Hyderabad,Turkey,ListingDetailsPageView,ContactPageView
KAKRP3,2016-12-25 07:39:00,2016-12-25 07:40:00,KAKRS4,KAKRB2,N,Vadodara,Mexico,SearchPageView,ListingDetailsPageView
KAKRP2,2016-12-27 08:10:00,2016-12-27 08:16:00,KAKRS4,KAKRB33,Y,Hyderabad,Canada,ContactPageView,ListingDetailsPageView
KAKRP2,2016-12-28 08:46:00,2016-12-28 09:25:00,KAKRS4,KAKRB11,N,Goa,Netherland,LoginPageView,OtherPageView
KAKRP6,2016-12-29 09:55:00,2016-12-29 10:51:00,KAKRS1,KAKRB4,Y,Mumbai,Iran,ContactPageView,ListingDetailsPageView
KAKRP5,2016-12-29 11:21:00,2016-12-29 12:46:00,KAKRS6,KAKRB1,Y,Ahemdabad,USA,SearchPageView,LoginPageView
KAKRP5,2016-12-30 13:16:00,2016-12-30 15:16:00,KAKRS1,KAKRB25,N,Goa,Mexico,BlogPageView,SearchPageView
KAKRP6,2016-12-31 15:46:00,2016-12-31 16:30:00,KAKRS7,KAKRB26,Y,Gurgaon,Sweden,ContactPageView,ContactPageView
KAKRP6,2016-12-31 17:00:00,2016-12-31 18:05:00,KAKRS8,KAKRB17,Y,Kolkata,Israel,ContactPageView,BlogPageView
KAKRP2,2017-01-02 18:35:00,2017-01-02 20:22:00,KAKRS7,KAKRB17,N,Chennai,Hong Kong,LoginPageView,SearchPageView
KAKRP3,2017-01-02 20:52:00,2017-01-02 21:32:00,KAKRS7,KAKRB6,N,Gurgaon,Norway,ContactPageView,ListingDetailsPageView
KAKRP3,2017-01-03 22:02:00,2017-01-03 22:21:00,KAKRS4,KAKRB27,N,Delhi,Rome,BlogPageView,BlogPageView
KAKRP3,2017-01-04 22:51:00,2017-01-04 23:38:00,KAKRS3,KAKRB7,Y,Vadodara,Austria,BlogPageView,LoginPageView
KAKRP3,2017-01-06 00:08:00,2017-01-06 00:35:00,KAKRS4,KAKRB18,Y,Goa,Russia,LoginPageView,OtherPageView
KAKRP3,2017-01-08 01:05:00,2017-01-08 02:00:00,KAKRS9,KAKRB28,Y,Ahemdabad,Belgium,LoginPageView,LoginPageView
KAKRP1,2017-01-08 02:30:00,2017-01-08 02:52:00,KAKRS7,KAKRB12,Y,Chennai,Switzerland,LoginPageView,ListingDetailsPageView
KAKRP1,2017-01-09 03:22:00,2017-01-09 04:08:00,KAKRS5,KAKRB10,N,Chennai,Mexico,LoginPageView,ListingDetailsPageView
KAKRP1,2017-01-09 04:38:00,2017-01-09 06:20:00,KAKRS9,KAKRB5,Y,Mumbai,Japan,LoginPageView,ListingDetailsPageView
KAKRP6,2017-01-10 06:50:00,2017-01-10 07:09:00,KAKRS4,KAKRB25,N,Gurgaon,USA,LoginPageView,SearchPageView
KAKRP5,2017-01-10 07:39:00,2017-01-10 09:28:00,KAKRS1,KAKRB16,N,Bangalore,England,LoginPageView,SearchPageView
KAKRP5,2017-01-11 09:58:00,2017-01-11 10:28:00,KAKRS2,KAKRB18,Y,Goa,Hong Kong,BlogPageView,ContactPageView
KAKRP5,2017-01-11 10:58:00,2017-01-11 12:16:00,KAKRS7,KAKRB14,Y,Kolkata,China,BlogPageView,SearchPageView
KAKRP5,2017-01-11 12:46:00,2017-01-11 13:54:00,KAKRS5,KAKRB5,Y,Hyderabad,South Korea,ContactPageView,ListingDetailsPageView
KAKRP6,2017-01-11 14:24:00,2017-01-11 14:50:00,KAKRS7,KAKRB15,N,Vadodara,Mexico,ContactPageView,BlogPageView
KAKRP6,2017-01-13 15:20:00,2017-01-13 15:34:00,KAKRS6,KAKRB3,N,Gurgaon,Sweden,BlogPageView,LoginPageView
KAKRP6,2017-01-15 16:04:00,2017-01-15 16:11:00,KAKRS9,KAKRB2,N,Nasik,Russia,BlogPageView,ListingDetailsPageView
KAKRP2,2017-01-17 16:41:00,2017-01-17 18:22:00,KAKRS7,KAKRB3,Y,Delhi,Hong Kong,ListingDetailsPageView,BlogPageView
KAKRP2,2017-01-18 18:52:00,2017-01-18 20:32:00,KAKRS4,KAKRB32,N,Mumbai,Turkey,OtherPageView,OtherPageView
KAKRP2,2017-01-20 21:02:00,2017-01-20 22:37:00,KAKRS6,KAKRB27,N,Mumbai,Iran,LoginPageView,SearchPageView
KAKRP2,2017-01-21 23:07:00,2017-01-22 00:41:00,KAKRS8,KAKRB31,Y,Kolkata,Canada,SearchPageView,ListingDetailsPageView
KAKRP1,2017-01-22 01:11:00,2017-01-22 02:46:00,KAKRS2,KAKRB12,N,Kolkata,Israel,OtherPageView,SearchPageView
KAKRP1,2017-01-22 03:16:00,2017-01-22 05:02:00,KAKRS9,KAKRB4,N,Nasik,Netherland,LoginPageView,LoginPageView
KAKRP1,2017-01-24 05:32:00,2017-01-24 05:40:00,KAKRS3,KAKRB30,Y,Gurgaon,Italy,BlogPageView,ContactPageView
KAKRP1,2017-01-25 06:10:00,2017-01-25 08:10:00,KAKRS2,KAKRB2,N,Goa,Spain,LoginPageView,BlogPageView
KAKRP6,2017-01-25 08:40:00,2017-01-25 09:51:00,KAKRS1,KAKRB1,N,Mumbai,Iran,BlogPageView,ListingDetailsPageView
KAKRP6,2017-01-25 10:21:00,2017-01-25 11:05:00,KAKRS9,KAKRB21,N,Goa,Japan,SearchPageView,BlogPageView
KAKRP3,2017-01-26 11:35:00,2017-01-26 13:25:00,KAKRS6,KAKRB24,N,Kolkata,Hong Kong,ListingDetailsPageView,ContactPageView
KAKRP3,2017-01-28 13:55:00,2017-01-28 14:04:00,KAKRS4,KAKRB24,Y,Delhi,Israel,OtherPageView,LoginPageView
KAKRP6,2017-01-29 14:34:00,2017-01-29 15:30:00,KAKRS4,KAKRB12,Y,Delhi,Japan,LoginPageView,ListingDetailsPageView
KAKRP6,2017-01-29 16:00:00,2017-01-29 17:41:00,KAKRS7,KAKRB2,Y,Ahemdabad,Hong Kong,LoginPageView,ContactPageView
KAKRP4,2017-01-29 18:11:00,2017-01-29 18:24:00,KAKRS5,KAKRB28,N,Kolkata,South Korea,LoginPageView,ListingDetailsPageView
KAKRP4,2017-01-29 18:54:00,2017-01-29 20:32:00,KAKRS1,KAKRB2,Y,Delhi,Russia,LoginPageView,BlogPageView
KAKRP4,2017-01-29 21:02:00,2017-01-29 21:45:00,KAKRS2,KAKRB26,N,Ahemdabad,South Korea,LoginPageView,BlogPageView
KAKRP4,2017-01-30 22:15:00,2017-01-30 23:33:00,KAKRS5,KAKRB6,N,Kolkata,South Africa,LoginPageView,ListingDetailsPageView
KAKRP4,2017-01-31 00:03:00,2017-01-31 02:01:00,KAKRS4,KAKRB29,N,Mumbai,Belgium,ListingDetailsPageView,ContactPageView
KAKRP3,2017-02-01 02:31:00,2017-02-01 03:07:00,KAKRS4,KAKRB15,N,Nasik,Hong Kong,SearchPageView,LoginPageView
KAKRP3,2017-02-02 03:37:00,2017-02-02 04:32:00,KAKRS7,KAKRB13,N,Goa,Japan,ListingDetailsPageView,LoginPageView
KAKRP3,2017-02-02 05:02:00,2017-02-02 05:06:00,KAKRS8,KAKRB33,N,Delhi,England,OtherPageView,LoginPageView
KAKRP3,2017-02-03 05:36:00,2017-02-03 07:20:00,KAKRS7,KAKRB19,N,Mumbai,Rome,BlogPageView,BlogPageView
KAKRP2,2017-02-05 07:50:00,2017-02-05 08:25:00,KAKRS9,KAKRB34,N,Hyderabad,Netherland,LoginPageView,ContactPageView
KAKRP2,2017-02-05 08:55:00,2017-02-05 10:15:00,KAKRS5,KAKRB7,N,Gurgaon,South Korea,ListingDetailsPageView,OtherPageView
KAKRP1,2017-02-07 10:45:00,2017-02-07 11:56:00,KAKRS8,KAKRB30,N,Vadodara,England,SearchPageView,SearchPageView
KAKRP1,2017-02-07 12:26:00,2017-02-07 13:02:00,KAKRS1,KAKRB1,Y,Kolkata,UAE,LoginPageView,BlogPageView
KAKRP1,2017-02-09 13:32:00,2017-02-09 14:21:00,KAKRS5,KAKRB12,Y,Delhi,Switzerland,LoginPageView,ListingDetailsPageView
KAKRP1,2017-02-11 14:51:00,2017-02-11 15:13:00,KAKRS9,KAKRB8,N,Ahemdabad,Norway,LoginPageView,SearchPageView
KAKRP1,2017-02-11 15:43:00,2017-02-11 16:08:00,KAKRS5,KAKRB16,N,Vadodara,South Korea,LoginPageView,BlogPageView
KAKRP6,2017-02-12 16:38:00,2017-02-12 17:25:00,KAKRS5,KAKRB31,Y,Kolkata,Spain,LoginPageView,ListingDetailsPageView
KAKRP6,2017-02-12 17:55:00,2017-02-12 18:06:00,KAKRS5,KAKRB13,Y,Bangalore,Canada,LoginPageView,BlogPageView
KAKRP6,2017-02-13 18:36:00,2017-02-13 19:46:00,KAKRS2,KAKRB22,Y,Cochin,Turkey,LoginPageView,ListingDetailsPageView
KAKRP6,2017-02-14 20:16:00,2017-02-14 20:23:00,KAKRS5,KAKRB13,Y,Delhi,Israel,LoginPageView,ListingDetailsPageView
KAKRP3,2017-02-14 20:53:00,2017-02-14 21:20:00,KAKRS8,KAKRB6,N,Chennai,Spain,ContactPageView,LoginPageView
KAKRP3,2017-02-16 21:50:00,2017-02-16 22:37:00,KAKRS7,KAKRB33,Y,Goa,Hong Kong,LoginPageView,OtherPageView
KAKRP6,2017-02-18 23:07:00,2017-02-19 00:28:00,KAKRS7,KAKRB5,Y,Kolkata,Japan,BlogPageView,BlogPageView
KAKRP2,2017-02-21 00:58:00,2017-02-21 02:47:00,KAKRS5,KAKRB34,Y,Bangalore,Hong Kong,BlogPageView,OtherPageView
KAKRP2,2017-02-22 03:17:00,2017-02-22 03:39:00,KAKRS8,KAKRB2,Y,Vadodara,Iran,ListingDetailsPageView,LoginPageView
KAKRP2,2017-02-24 04:09:00,2017-02-24 04:13:00,KAKRS5,KAKRB23,Y,Delhi,Netherland,ContactPageView,LoginPageView
KAKRP2,2017-02-24 04:43:00,2017-02-24 06:04:00,KAKRS7,KAKRB29,Y,Mumbai,Netherland,BlogPageView,OtherPageView
KAKRP1,2017-02-24 06:34:00,2017-02-24 06:44:00,KAKRS2,KAKRB20,N,Delhi,Israel,BlogPageView,OtherPageView
KAKRP1,2017-02-24 07:14:00,2017-02-24 08:52:00,KAKRS1,KAKRB5,N,Gurgaon,Iran,BlogPageView,LoginPageView
KAKRP1,2017-02-26 09:22:00,2017-02-26 09:38:00,KAKRS5,KAKRB32,Y,Bangalore,England,ContactPageView,OtherPageView
KAKRP1,2017-02-27 10:08:00,2017-02-27 11:00:00,KAKRS8,KAKRB17,Y,Kolkata,England,ContactPageView,ListingDetailsPageView
KAKRP1,2017-02-28 11:30:00,2017-02-28 12:01:00,KAKRS1,KAKRB28,N,Mumbai,Sweden,OtherPageView,LoginPageView
KAKRP3,2017-03-01 12:31:00,2017-03-01 14:02:00,KAKRS7,KAKRB10,Y,Goa,Netherland,LoginPageView,ListingDetailsPageView
KAKRP3,2017-03-02 14:32:00,2017-03-02 16:15:00,KAKRS4,KAKRB18,N,Bangalore,Israel,SearchPageView,ContactPageView
KAKRP3,2017-03-04 16:45:00,2017-03-04 18:41:00,KAKRS4,KAKRB8,N,Bangalore,South Korea,LoginPageView,OtherPageView
KAKRP6,2017-03-05 19:11:00,2017-03-05 20:56:00,KAKRS4,KAKRB11,N,Hyderabad,Canada,ListingDetailsPageView,SearchPageView
KAKRP6,2017-03-07 21:26:00,2017-03-07 21:46:00,KAKRS9,KAKRB1,Y,Hyderabad,USA,BlogPageView,OtherPageView
KAKRP2,2017-03-07 22:16:00,2017-03-07 23:32:00,KAKRS9,KAKRB26,Y,Cochin,Canada,OtherPageView,BlogPageView
KAKRP2,2017-03-10 00:02:00,2017-03-10 01:38:00,KAKRS2,KAKRB22,N,Gurgaon,Netherland,BlogPageView,BlogPageView
KAKRP2,2017-03-10 02:08:00,2017-03-10 03:34:00,KAKRS4,KAKRB9,N,Cochin,Sweden,OtherPageView,LoginPageView
KAKRP2,2017-03-12 04:04:00,2017-03-12 04:37:00,KAKRS1,KAKRB23,Y,Mumbai,Turkey,OtherPageView,SearchPageView
KAKRP3,2017-03-14 05:07:00,2017-03-14 05:57:00,KAKRS5,KAKRB9,N,Goa,Norway,LoginPageView,SearchPageView
KAKRP3,2017-03-15 06:27:00,2017-03-15 07:11:00,KAKRS3,KAKRB4,Y,Hyderabad,USA,LoginPageView,OtherPageView
KAKRP1,2017-03-17 07:41:00,2017-03-17 09:30:00,KAKRS1,KAKRB13,N,Chennai,South Africa,LoginPageView,BlogPageView
KAKRP1,2017-03-19 10:00:00,2017-03-19 10:32:00,KAKRS9,KAKRB20,N,Delhi,Switzerland,LoginPageView,ListingDetailsPageView
KAKRP1,2017-03-21 11:02:00,2017-03-21 12:53:00,KAKRS9,KAKRB19,N,Delhi,Hong Kong,LoginPageView,BlogPageView
KAKRP1,2017-03-23 13:23:00,2017-03-23 13:34:00,KAKRS4,KAKRB21,N,Nasik,South Korea,LoginPageView,BlogPageView
KAKRP2,2017-03-24 14:04:00,2017-03-24 14:45:00,KAKRS5,KAKRB17,N,Vadodara,Canada,LoginPageView,OtherPageView
KAKRP2,2017-03-25 15:15:00,2017-03-25 16:20:00,KAKRS3,KAKRB13,Y,Nasik,Rome,LoginPageView,OtherPageView
KAKRP2,2017-03-27 16:50:00,2017-03-27 17:36:00,KAKRS2,KAKRB13,N,Ahemdabad,Mexico,LoginPageView,SearchPageView
KAKRP2,2017-03-29 18:06:00,2017-03-29 19:45:00,KAKRS1,KAKRB3,N,Chennai,South Korea,LoginPageView,SearchPageView
KAKRP6,2017-03-30 20:15:00,2017-03-30 20:56:00,KAKRS6,KAKRB26,N,Gurgaon,Norway,OtherPageView,BlogPageView
KAKRP6,2017-03-31 21:26:00,2017-03-31 22:09:00,KAKRS9,KAKRB27,Y,Hyderabad,Russia,SearchPageView,ContactPageView
KAKRP6,2017-04-01 22:39:00,2017-04-02 00:32:00,KAKRS8,KAKRB19,Y,Delhi,South Korea,BlogPageView,LoginPageView
KAKRP4,2017-04-02 01:02:00,2017-04-02 01:36:00,KAKRS4,KAKRB3,N,Hyderabad,Israel,ListingDetailsPageView,SearchPageView
KAKRP4,2017-04-04 02:06:00,2017-04-04 03:25:00,KAKRS3,KAKRB12,N,Delhi,Sweden,ListingDetailsPageView,ContactPageView
KAKRP4,2017-04-06 03:55:00,2017-04-06 05:33:00,KAKRS2,KAKRB1,N,Bangalore,Iran,SearchPageView,BlogPageView
KAKRP4,2017-04-07 06:03:00,2017-04-07 06:52:00,KAKRS4,KAKRB31,Y,Bangalore,Turkey,BlogPageView,SearchPageView
KAKRP4,2017-04-07 07:22:00,2017-04-07 08:55:00,KAKRS3,KAKRB5,Y,Chennai,Netherland,ListingDetailsPageView,SearchPageView
KAKRP1,2017-04-09 09:25:00,2017-04-09 10:20:00,KAKRS5,KAKRB32,Y,Hyderabad,UAE,LoginPageView,SearchPageView
KAKRP1,2017-04-10 10:50:00,2017-04-10 12:27:00,KAKRS5,KAKRB21,N,Goa,USA,ListingDetailsPageView,ListingDetailsPageView
KAKRP1,2017-04-10 12:57:00,2017-04-10 13:21:00,KAKRS3,KAKRB9,N,Kolkata,Rome,OtherPageView,ListingDetailsPageView
KAKRP2,2017-04-12 13:51:00,2017-04-12 15:36:00,KAKRS5,KAKRB29,N,Hyderabad,Iran,ListingDetailsPageView,SearchPageView
KAKRP2,2017-04-14 16:06:00,2017-04-14 17:22:00,KAKRS8,KAKRB23,N,Ahemdabad,Sweden,LoginPageView,ListingDetailsPageView
KAKRP2,2017-04-14 17:52:00,2017-04-14 18:52:00,KAKRS5,KAKRB3,N,Kolkata,USA,LoginPageView,SearchPageView
KAKRP2,2017-04-16 19:22:00,2017-04-16 20:13:00,KAKRS3,KAKRB19,Y,Ahemdabad,Canada,SearchPageView,OtherPageView
KAKRP6,2017-04-17 20:43:00,2017-04-17 21:24:00,KAKRS5,KAKRB20,N,Mumbai,England,SearchPageView,OtherPageView
KAKRP6,2017-04-18 21:54:00,2017-04-18 23:01:00,KAKRS1,KAKRB19,N,Chennai,Netherland,ContactPageView,ListingDetailsPageView
KAKRP4,2017-04-18 23:31:00,2017-04-19 01:12:00,KAKRS6,KAKRB31,N,Gurgaon,Russia,ListingDetailsPageView,ContactPageView
KAKRP4,2017-04-20 01:42:00,2017-04-20 03:41:00,KAKRS4,KAKRB20,Y,Delhi,Italy,LoginPageView,OtherPageView
KAKRP4,2017-04-20 04:11:00,2017-04-20 05:18:00,KAKRS2,KAKRB21,Y,Ahemdabad,England,LoginPageView,LoginPageView
KAKRP4,2017-04-20 05:48:00,2017-04-20 06:00:00,KAKRS5,KAKRB26,N,Kolkata,Norway,BlogPageView,OtherPageView
KAKRP6,2017-04-21 06:30:00,2017-04-21 08:03:00,KAKRS7,KAKRB30,N,Nasik,Russia,SearchPageView,BlogPageView
KAKRP6,2017-04-22 08:33:00,2017-04-22 09:40:00,KAKRS1,KAKRB16,N,Hyderabad,South Korea,BlogPageView,SearchPageView
KAKRP6,2017-04-24 10:10:00,2017-04-24 11:08:00,KAKRS5,KAKRB29,Y,Cochin,Austria,ContactPageView,ListingDetailsPageView
KAKRP6,2017-04-24 11:38:00,2017-04-24 13:32:00,KAKRS8,KAKRB8,N,Goa,England,SearchPageView,SearchPageView
KAKRP1,2017-04-26 14:02:00,2017-04-26 14:55:00,KAKRS1,KAKRB25,Y,Ahemdabad,USA,LoginPageView,BlogPageView
KAKRP1,2017-04-26 15:25:00,2017-04-26 15:37:00,KAKRS5,KAKRB9,N,Ahemdabad,Belgium,ListingDetailsPageView,OtherPageView
KAKRP1,2017-04-27 16:07:00,2017-04-27 16:24:00,KAKRS3,KAKRB33,Y,Goa,Turkey,OtherPageView,BlogPageView
KAKRP1,2017-04-29 16:54:00,2017-04-29 18:36:00,KAKRS9,KAKRB32,N,Hyderabad,Russia,SearchPageView,LoginPageView
KAKRP1,2017-04-29 19:06:00,2017-04-29 19:59:00,KAKRS6,KAKRB15,N,Delhi,Turkey,LoginPageView,OtherPageView
KAKRP1,2017-04-30 20:29:00,2017-04-30 21:24:00,KAKRS2,KAKRB34,Y,Ahemdabad,Mexico,LoginPageView,ContactPageView
KAKRP1,2017-04-30 21:54:00,2017-04-30 22:45:00,KAKRS4,KAKRB32,N,Chennai,Italy,LoginPageView,OtherPageView
KAKRP3,2017-05-02 23:15:00,2017-05-03 00:24:00,KAKRS9,KAKRB5,Y,Nasik,Russia,LoginPageView,SearchPageView
KAKRP3,2017-05-04 00:54:00,2017-05-04 01:45:00,KAKRS5,KAKRB12,Y,Kolkata,UAE,LoginPageView,LoginPageView
KAKRP3,2017-05-04 02:15:00,2017-05-04 02:42:00,KAKRS3,KAKRB16,Y,Vadodara,Italy,LoginPageView,LoginPageView
KAKRP2,2017-05-05 03:12:00,2017-05-05 04:59:00,KAKRS8,KAKRB10,Y,Delhi,Austria,LoginPageView,OtherPageView
KAKRP3,2017-05-07 05:29:00,2017-05-07 07:22:00,KAKRS5,KAKRB28,N,Mumbai,Italy,OtherPageView,OtherPageView
KAKRP3,2017-05-09 07:52:00,2017-05-09 08:17:00,KAKRS1,KAKRB19,N,Cochin,South Africa,OtherPageView,ListingDetailsPageView
KAKRP1,2017-05-11 08:47:00,2017-05-11 09:09:00,KAKRS1,KAKRB11,Y,Ahemdabad,Spain,ContactPageView,SearchPageView
KAKRP1,2017-05-13 09:39:00,2017-05-13 11:20:00,KAKRS9,KAKRB4,N,Cochin,Mexico,ContactPageView,ContactPageView
KAKRP1,2017-05-14 11:50:00,2017-05-14 13:19:00,KAKRS8,KAKRB8,Y,Cochin,Russia,ListingDetailsPageView,LoginPageView
KAKRP1,2017-05-15 13:49:00,2017-05-15 15:12:00,KAKRS6,KAKRB13,N,Gurgaon,Sweden,OtherPageView,ListingDetailsPageView
