FirstSearchTime,LastSearchTime,VisitedBy,Location,SearchKeywordsFeature,SearchKeywordsType,SearchPriceBracket,PropertiesReturned
01/01/16 12:00 AM,01/01/16 01:19 AM,KAKRB77,Delhi,Balcony|Garage|SwimmingPool,Bungalow|Apartment,40-50,KAKRP4|KAKRP10|KAKRP11|KAKRP18|KAKRP2|KAKRP1
01/02/16 01:49 AM,01/02/16 03:38 AM,KAKRB23,Hyderabad,3BedRoom|GuestRoom|SwimmingPool,Bungalow,30-40,KAKRP4|KAKRP6|KAKRP8|KAKRP10|KAKRP9|KAKRP14
01/02/16 04:08 AM,01/02/16 05:43 AM,KAKRB98,Gurgaon,Balcony|Garage|SwimmingPool,Apartment|Cottage,20-30,KAKRP7|KAKRP12|KAKRP15|KAKRP13|KAKRP11|KAKRP6
01/03/16 06:13 AM,01/03/16 07:28 AM,KAKRB76,Goa,SwimmingPool|PetHouse|Garden,Apartment,15-20,KAKRP1|KAKRP3|KAKRP8|KAKRP7|KAKRP10|KAKRP11
01/03/16 07:58 AM,01/03/16 08:38 AM,KAKRB14,Bangalore,Balcony|Garage|SwimmingPool,Villa|Cottage|Apartment,30-40,KAKRP1|KAKRP5|KAKRP9|KAKRP12|KAKRP17|KAKRP16
01/03/16 09:08 AM,01/03/16 09:52 AM,KAKRB83,Goa,3BedRoom|GuestRoom|SwimmingPool,Villa|Cottage,15-20,KAKRP1|KAKRP2|KAKRP5|KAKRP7|KAKRP9|KAKRP12
01/04/16 10:22 AM,01/04/16 12:09 PM,KAKRB66,Nasik,Balcony|Garage|SwimmingPool,Villa,Above 50,KAKRP2|KAKRP7|KAKRP9|KAKRP17|KAKRP18|KAKRP14
01/06/16 12:39 PM,01/06/16 02:03 PM,KAKRB21,Hyderabad,3BedRoom|PetHouse|Garden,Bungalow|Villa|Cottage,20-30,KAKRP1|KAKRP5|KAKRP9|KAKRP12|KAKRP17|KAKRP16
01/06/16 02:33 PM,01/06/16 04:26 PM,KAKRB76,Gurgaon,3BedRoom|PetHouse|Garden,Villa,30-40,KAKRP2|KAKRP7|KAKRP9|KAKRP17|KAKRP18|KAKRP14
01/06/16 04:56 PM,01/06/16 06:51 PM,KAKRB38,Mumbai,GuestRoom|PetHouse|Garage,Apartment,Above 50,KAKRP4|KAKRP6|KAKRP8|KAKRP10|KAKRP9|KAKRP14
01/07/16 07:21 PM,01/07/16 08:22 PM,KAKRB26,Goa,SwimmingPool|PetHouse|Garden,Bungalow|Apartment,30-40,KAKRP3|KAKRP16|KAKRP11|KAKRP13|KAKRP4|KAKRP15
01/07/16 08:52 PM,01/07/16 09:51 PM,KAKRB62,Gurgaon,3BedRoom|PetHouse|Garden,Villa,Above 50,KAKRP2|KAKRP7|KAKRP9|KAKRP17|KAKRP18|KAKRP14
01/09/16 10:21 PM,01/09/16 11:25 PM,KAKRB22,Cochin,GuestRoom|PetHouse|Garage,Bungalow|Villa|Cottage,40-50,KAKRP4|KAKRP10|KAKRP11|KAKRP18|KAKRP2|KAKRP1
01/11/16 11:55 PM,01/12/16 12:39 AM,KAKRB51,Nasik,GuestRoom|PetHouse|Garage,Villa|Cottage|Apartment,15-20,KAKRP2|KAKRP7|KAKRP9|KAKRP17|KAKRP18|KAKRP14
01/13/16 01:09 AM,01/13/16 03:08 AM,KAKRB96,Bangalore,3BedRoom|GuestRoom|SwimmingPool,Bungalow,30-40,KAKRP4|KAKRP10|KAKRP11|KAKRP18|KAKRP2|KAKRP1
01/13/16 03:38 AM,01/13/16 03:51 AM,KAKRB3,Cochin,GuestRoom|PetHouse|Garage,Bungalow|Apartment,30-40,KAKRP7|KAKRP9|KAKRP11|KAKRP15|KAKRP13|KAKRP12
01/15/16 04:21 AM,01/15/16 04:38 AM,KAKRB16,Hyderabad,SwimmingPool|PetHouse|Garden,Apartment|Cottage,Above 50,KAKRP1|KAKRP5|KAKRP9|KAKRP12|KAKRP17|KAKRP16
01/17/16 05:08 AM,01/17/16 06:21 AM,KAKRB45,Mumbai,Garden|Balcony|PetHouse,Villa|Cottage,30-40,KAKRP4|KAKRP6|KAKRP8|KAKRP10|KAKRP9|KAKRP14
01/17/16 06:51 AM,01/17/16 07:33 AM,KAKRB53,Cochin,Balcony|Garage|SwimmingPool,Apartment,10-15,KAKRP1|KAKRP3|KAKRP8|KAKRP7|KAKRP10|KAKRP11
01/17/16 08:03 AM,01/17/16 08:55 AM,KAKRB29,Nasik,SwimmingPool|PetHouse|Garden,Bungalow|Villa|Cottage,10-15,KAKRP3|KAKRP16|KAKRP11|KAKRP13|KAKRP4|KAKRP15
01/17/16 09:25 AM,01/17/16 10:23 AM,KAKRB31,Gurgaon,3BedRoom|PetHouse|Garden,Bungalow|Apartment,10-15,KAKRP1|KAKRP3|KAKRP8|KAKRP7|KAKRP10|KAKRP11
01/18/16 10:53 AM,01/18/16 11:15 AM,KAKRB69,Nasik,Balcony|Garage|SwimmingPool,Villa|Cottage,20-30,KAKRP1|KAKRP5|KAKRP9|KAKRP12|KAKRP17|KAKRP16
01/20/16 11:45 AM,01/20/16 01:22 PM,KAKRB20,Bangalore,SwimmingPool|PetHouse|Garden,Bungalow|Villa|Cottage,20-30,KAKRP1|KAKRP5|KAKRP9|KAKRP12|KAKRP17|KAKRP16
01/20/16 01:52 PM,01/20/16 03:20 PM,KAKRB40,Cochin,3BedRoom|GuestRoom|SwimmingPool,Bungalow|Apartment,10-15,KAKRP7|KAKRP9|KAKRP11|KAKRP15|KAKRP13|KAKRP12
01/20/16 03:50 PM,01/20/16 05:45 PM,KAKRB59,Cochin,Garden|Balcony|PetHouse,Bungalow|Villa|Cottage,Above 50,KAKRP1|KAKRP3|KAKRP8|KAKRP7|KAKRP10|KAKRP11
01/21/16 06:15 PM,01/21/16 06:23 PM,KAKRB50,Delhi,Garden|Balcony|PetHouse,Villa,40-50,KAKRP4|KAKRP6|KAKRP8|KAKRP10|KAKRP9|KAKRP14
01/21/16 06:53 PM,01/21/16 08:15 PM,KAKRB43,Ahemdabad,Garden|Balcony|PetHouse,Bungalow|Apartment,20-30,KAKRP4|KAKRP6|KAKRP8|KAKRP10|KAKRP9|KAKRP14
01/22/16 08:45 PM,01/22/16 09:48 PM,KAKRB29,Nasik,GuestRoom|PetHouse|Garage,Bungalow|Apartment,10-15,KAKRP7|KAKRP9|KAKRP11|KAKRP15|KAKRP13|KAKRP12
01/24/16 10:18 PM,01/25/16 12:01 AM,KAKRB31,Bangalore,Garden|Balcony|PetHouse,Villa|Cottage,20-30,KAKRP1|KAKRP2|KAKRP5|KAKRP7|KAKRP9|KAKRP12
01/26/16 12:31 AM,01/26/16 01:44 AM,KAKRB72,Nasik,Balcony|Garage|SwimmingPool,Cottage,15-20,KAKRP7|KAKRP9|KAKRP11|KAKRP15|KAKRP13|KAKRP12
01/26/16 02:14 AM,01/26/16 02:49 AM,KAKRB15,Nasik,SwimmingPool|PetHouse|Garden,Cottage,30-40,KAKRP1|KAKRP3|KAKRP8|KAKRP7|KAKRP10|KAKRP11
01/26/16 03:19 AM,01/26/16 03:39 AM,KAKRB65,Mumbai,3BedRoom|PetHouse|Garden,Villa,40-50,KAKRP7|KAKRP12|KAKRP15|KAKRP13|KAKRP11|KAKRP6
01/28/16 04:09 AM,01/28/16 05:16 AM,KAKRB31,Nasik,Garden|Balcony|PetHouse,Apartment|Cottage,40-50,KAKRP1|KAKRP2|KAKRP5|KAKRP7|KAKRP9|KAKRP12
01/29/16 05:46 AM,01/29/16 06:25 AM,KAKRB89,Ahemdabad,3BedRoom|GuestRoom|SwimmingPool,Bungalow|Apartment,40-50,KAKRP4|KAKRP10|KAKRP11|KAKRP18|KAKRP2|KAKRP1
01/31/16 06:55 AM,01/31/16 07:38 AM,KAKRB55,Gurgaon,3BedRoom|GuestRoom|SwimmingPool,Villa|Cottage|Apartment,40-50,KAKRP7|KAKRP12|KAKRP15|KAKRP13|KAKRP11|KAKRP6
02/02/16 08:08 AM,02/02/16 09:49 AM,KAKRB87,Nasik,GuestRoom|PetHouse|Garage,Villa|Cottage,40-50,KAKRP1|KAKRP3|KAKRP8|KAKRP7|KAKRP10|KAKRP11
02/04/16 10:19 AM,02/04/16 11:29 AM,KAKRB21,Delhi,Balcony|Garage|SwimmingPool,Bungalow|Villa|Cottage,10-15,KAKRP4|KAKRP10|KAKRP11|KAKRP18|KAKRP2|KAKRP1
02/06/16 11:59 AM,02/06/16 12:37 PM,KAKRB37,Mumbai,SwimmingPool|PetHouse|Garden,Villa|Cottage|Apartment,30-40,KAKRP7|KAKRP9|KAKRP11|KAKRP15|KAKRP13|KAKRP12
02/08/16 01:07 PM,02/08/16 02:44 PM,KAKRB40,Goa,GuestRoom|PetHouse|Garage,Villa|Cottage,30-40,KAKRP1|KAKRP5|KAKRP9|KAKRP12|KAKRP17|KAKRP16
02/09/16 03:14 PM,02/09/16 03:37 PM,KAKRB13,Bangalore,3BedRoom|GuestRoom|SwimmingPool,Apartment|Cottage,Above 50,KAKRP3|KAKRP16|KAKRP11|KAKRP13|KAKRP4|KAKRP15
02/09/16 04:07 PM,02/09/16 05:11 PM,KAKRB92,Mumbai,3BedRoom|PetHouse|Garden,Apartment|Cottage,40-50,KAKRP7|KAKRP9|KAKRP11|KAKRP15|KAKRP13|KAKRP12
02/11/16 05:41 PM,02/11/16 05:56 PM,KAKRB99,Hyderabad,3BedRoom|PetHouse|Garden,Villa|Cottage,10-15,KAKRP7|KAKRP12|KAKRP15|KAKRP13|KAKRP11|KAKRP6
02/12/16 06:26 PM,02/12/16 06:37 PM,KAKRB45,Ahemdabad,Garden|Balcony|PetHouse,Bungalow|Apartment,10-15,KAKRP3|KAKRP16|KAKRP11|KAKRP13|KAKRP4|KAKRP15
02/12/16 07:07 PM,02/12/16 07:10 PM,KAKRB66,Mumbai,SwimmingPool|PetHouse|Garden,Bungalow,15-20,KAKRP3|KAKRP16|KAKRP11|KAKRP13|KAKRP4|KAKRP15
02/12/16 07:40 PM,02/12/16 08:36 PM,KAKRB80,Cochin,3BedRoom|GuestRoom|SwimmingPool,Bungalow,10-15,KAKRP3|KAKRP16|KAKRP11|KAKRP13|KAKRP4|KAKRP15
02/13/16 09:06 PM,02/13/16 10:25 PM,KAKRB5,Cochin,SwimmingPool|PetHouse|Garden,Villa|Cottage|Apartment,20-30,KAKRP1|KAKRP5|KAKRP9|KAKRP12|KAKRP17|KAKRP16
02/15/16 10:55 PM,02/15/16 11:22 PM,KAKRB33,Ahemdabad,3BedRoom|PetHouse|Garden,Apartment|Cottage,10-15,KAKRP4|KAKRP10|KAKRP11|KAKRP18|KAKRP2|KAKRP1
02/16/16 11:52 PM,02/17/16 01:41 AM,KAKRB82,Bangalore,3BedRoom|GuestRoom|SwimmingPool,Cottage,30-40,KAKRP7|KAKRP9|KAKRP11|KAKRP15|KAKRP13|KAKRP12
02/19/16 02:11 AM,02/19/16 02:43 AM,KAKRB95,Delhi,3BedRoom|PetHouse|Garden,Bungalow,10-15,KAKRP4|KAKRP10|KAKRP11|KAKRP18|KAKRP2|KAKRP1
02/21/16 03:13 AM,02/21/16 04:04 AM,KAKRB68,Ahemdabad,SwimmingPool|PetHouse|Garden,Villa|Cottage|Apartment,15-20,KAKRP3|KAKRP16|KAKRP11|KAKRP13|KAKRP4|KAKRP15
02/21/16 04:34 AM,02/21/16 05:46 AM,KAKRB71,Goa,SwimmingPool|PetHouse|Garden,Villa|Cottage,20-30,KAKRP1|KAKRP5|KAKRP9|KAKRP12|KAKRP17|KAKRP16
02/22/16 06:16 AM,02/22/16 07:34 AM,KAKRB12,Bangalore,SwimmingPool|PetHouse|Garden,Bungalow|Apartment,Above 50,KAKRP7|KAKRP9|KAKRP11|KAKRP15|KAKRP13|KAKRP12
02/23/16 08:04 AM,02/23/16 09:54 AM,KAKRB62,Mumbai,Garden|Balcony|PetHouse,Villa,10-15,KAKRP4|KAKRP6|KAKRP8|KAKRP10|KAKRP9|KAKRP14
02/25/16 10:24 AM,02/25/16 12:17 PM,KAKRB80,Delhi,3BedRoom|PetHouse|Garden,Apartment,10-15,KAKRP7|KAKRP9|KAKRP11|KAKRP15|KAKRP13|KAKRP12
02/25/16 12:47 PM,02/25/16 01:47 PM,KAKRB66,Gurgaon,Garden|Balcony|PetHouse,Villa|Cottage,30-40,KAKRP1|KAKRP5|KAKRP9|KAKRP12|KAKRP17|KAKRP16
02/25/16 02:17 PM,02/25/16 03:56 PM,KAKRB75,Mumbai,3BedRoom|GuestRoom|SwimmingPool,Apartment,40-50,KAKRP1|KAKRP2|KAKRP5|KAKRP7|KAKRP9|KAKRP12
02/25/16 04:26 PM,02/25/16 05:35 PM,KAKRB14,Goa,3BedRoom|PetHouse|Garden,Cottage,30-40,KAKRP1|KAKRP3|KAKRP8|KAKRP7|KAKRP10|KAKRP11
02/27/16 06:05 PM,02/27/16 07:22 PM,KAKRB79,Mumbai,Balcony|Garage|SwimmingPool,Apartment,40-50,KAKRP2|KAKRP7|KAKRP9|KAKRP17|KAKRP18|KAKRP14
02/27/16 07:52 PM,02/27/16 08:44 PM,KAKRB2,Mumbai,Balcony|Garage|SwimmingPool,Apartment,40-50,KAKRP7|KAKRP9|KAKRP11|KAKRP15|KAKRP13|KAKRP12
02/27/16 09:14 PM,02/27/16 10:30 PM,KAKRB75,Mumbai,3BedRoom|PetHouse|Garden,Apartment,30-40,KAKRP1|KAKRP5|KAKRP9|KAKRP12|KAKRP17|KAKRP16
02/29/16 11:00 PM,03/01/16 12:09 AM,KAKRB46,Goa,Balcony|Garage|SwimmingPool,Bungalow|Villa|Cottage,20-30,KAKRP1|KAKRP3|KAKRP8|KAKRP7|KAKRP10|KAKRP11
03/02/16 12:39 AM,03/02/16 01:47 AM,KAKRB16,Gurgaon,Balcony|Garage|SwimmingPool,Villa|Cottage|Apartment,40-50,KAKRP1|KAKRP2|KAKRP5|KAKRP7|KAKRP9|KAKRP12
03/04/16 02:17 AM,03/04/16 02:33 AM,KAKRB16,Gurgaon,3BedRoom|PetHouse|Garden,Cottage,30-40,KAKRP1|KAKRP2|KAKRP5|KAKRP7|KAKRP9|KAKRP12
03/04/16 03:03 AM,03/04/16 03:31 AM,KAKRB52,Bangalore,GuestRoom|PetHouse|Garage,Cottage,Above 50,KAKRP4|KAKRP10|KAKRP11|KAKRP18|KAKRP2|KAKRP1
03/04/16 04:01 AM,03/04/16 04:16 AM,KAKRB50,Bangalore,Garden|Balcony|PetHouse,Villa|Cottage|Apartment,15-20,KAKRP7|KAKRP12|KAKRP15|KAKRP13|KAKRP11|KAKRP6
03/04/16 04:46 AM,03/04/16 06:38 AM,KAKRB93,Bangalore,3BedRoom|GuestRoom|SwimmingPool,Cottage,20-30,KAKRP1|KAKRP2|KAKRP5|KAKRP7|KAKRP9|KAKRP12
03/06/16 07:08 AM,03/06/16 08:27 AM,KAKRB72,Mumbai,SwimmingPool|PetHouse|Garden,Cottage,10-15,KAKRP4|KAKRP6|KAKRP8|KAKRP10|KAKRP9|KAKRP14
03/08/16 08:57 AM,03/08/16 10:42 AM,KAKRB60,Nasik,Balcony|Garage|SwimmingPool,Villa,40-50,KAKRP1|KAKRP2|KAKRP5|KAKRP7|KAKRP9|KAKRP12
03/08/16 11:12 AM,03/08/16 12:45 PM,KAKRB3,Gurgaon,Balcony|Garage|SwimmingPool,Villa|Cottage|Apartment,30-40,KAKRP7|KAKRP12|KAKRP15|KAKRP13|KAKRP11|KAKRP6
03/08/16 01:15 PM,03/08/16 02:35 PM,KAKRB63,Ahemdabad,GuestRoom|PetHouse|Garage,Bungalow|Apartment,20-30,KAKRP2|KAKRP7|KAKRP9|KAKRP17|KAKRP18|KAKRP14
03/09/16 03:05 PM,03/09/16 03:27 PM,KAKRB27,Cochin,3BedRoom|GuestRoom|SwimmingPool,Villa|Cottage|Apartment,20-30,KAKRP2|KAKRP7|KAKRP9|KAKRP17|KAKRP18|KAKRP14
03/09/16 03:57 PM,03/09/16 05:54 PM,KAKRB38,Cochin,GuestRoom|PetHouse|Garage,Villa|Cottage,10-15,KAKRP2|KAKRP7|KAKRP9|KAKRP17|KAKRP18|KAKRP14
03/10/16 06:24 PM,03/10/16 07:37 PM,KAKRB39,Ahemdabad,3BedRoom|PetHouse|Garden,Bungalow|Apartment,30-40,KAKRP4|KAKRP10|KAKRP11|KAKRP18|KAKRP2|KAKRP1
03/11/16 08:07 PM,03/11/16 09:25 PM,KAKRB90,Delhi,3BedRoom|PetHouse|Garden,Bungalow|Apartment,40-50,KAKRP1|KAKRP5|KAKRP9|KAKRP12|KAKRP17|KAKRP16
03/11/16 09:55 PM,03/11/16 10:36 PM,KAKRB26,Nasik,SwimmingPool|PetHouse|Garden,Bungalow|Villa|Cottage,Above 50,KAKRP4|KAKRP6|KAKRP8|KAKRP10|KAKRP9|KAKRP14
03/11/16 11:06 PM,03/11/16 11:54 PM,KAKRB63,Goa,3BedRoom|PetHouse|Garden,Bungalow,Above 50,KAKRP1|KAKRP5|KAKRP9|KAKRP12|KAKRP17|KAKRP16
03/12/16 12:24 AM,03/12/16 12:46 AM,KAKRB9,Hyderabad,GuestRoom|PetHouse|Garage,Cottage,40-50,KAKRP4|KAKRP6|KAKRP8|KAKRP10|KAKRP9|KAKRP14
03/14/16 01:16 AM,03/14/16 03:06 AM,KAKRB50,Nasik,Balcony|Garage|SwimmingPool,Bungalow|Apartment,Above 50,KAKRP1|KAKRP5|KAKRP9|KAKRP12|KAKRP17|KAKRP16
03/14/16 03:36 AM,03/14/16 04:58 AM,KAKRB62,Delhi,Garden|Balcony|PetHouse,Villa,Above 50,KAKRP1|KAKRP2|KAKRP5|KAKRP7|KAKRP9|KAKRP12
03/15/16 05:28 AM,03/15/16 06:46 AM,KAKRB32,Ahemdabad,3BedRoom|PetHouse|Garden,Apartment,40-50,KAKRP4|KAKRP6|KAKRP8|KAKRP10|KAKRP9|KAKRP14
03/15/16 07:16 AM,03/15/16 07:59 AM,KAKRB96,Delhi,SwimmingPool|PetHouse|Garden,Apartment|Cottage,15-20,KAKRP7|KAKRP9|KAKRP11|KAKRP15|KAKRP13|KAKRP12
03/16/16 08:29 AM,03/16/16 10:05 AM,KAKRB64,Hyderabad,Balcony|Garage|SwimmingPool,Apartment|Cottage,30-40,KAKRP3|KAKRP16|KAKRP11|KAKRP13|KAKRP4|KAKRP15
03/18/16 10:35 AM,03/18/16 11:34 AM,KAKRB71,Delhi,SwimmingPool|PetHouse|Garden,Cottage,40-50,KAKRP4|KAKRP6|KAKRP8|KAKRP10|KAKRP9|KAKRP14
03/19/16 12:04 PM,03/19/16 01:09 PM,KAKRB85,Cochin,SwimmingPool|PetHouse|Garden,Villa,Above 50,KAKRP1|KAKRP3|KAKRP8|KAKRP7|KAKRP10|KAKRP11
03/19/16 01:39 PM,03/19/16 01:49 PM,KAKRB35,Ahemdabad,Garden|Balcony|PetHouse,Apartment|Cottage,30-40,KAKRP7|KAKRP12|KAKRP15|KAKRP13|KAKRP11|KAKRP6
03/20/16 02:19 PM,03/20/16 03:58 PM,KAKRB80,Delhi,3BedRoom|PetHouse|Garden,Villa|Cottage,30-40,KAKRP2|KAKRP7|KAKRP9|KAKRP17|KAKRP18|KAKRP14
03/21/16 04:28 PM,03/21/16 05:36 PM,KAKRB10,Ahemdabad,Balcony|Garage|SwimmingPool,Cottage,15-20,KAKRP1|KAKRP3|KAKRP8|KAKRP7|KAKRP10|KAKRP11
03/21/16 06:06 PM,03/21/16 07:52 PM,KAKRB85,Hyderabad,Garden|Balcony|PetHouse,Villa|Cottage,10-15,KAKRP1|KAKRP2|KAKRP5|KAKRP7|KAKRP9|KAKRP12
03/22/16 08:22 PM,03/22/16 09:12 PM,KAKRB40,Bangalore,Balcony|Garage|SwimmingPool,Bungalow,20-30,KAKRP3|KAKRP16|KAKRP11|KAKRP13|KAKRP4|KAKRP15
03/24/16 09:42 PM,03/24/16 10:33 PM,KAKRB12,Gurgaon,GuestRoom|PetHouse|Garage,Bungalow|Villa|Cottage,Above 50,KAKRP4|KAKRP10|KAKRP11|KAKRP18|KAKRP2|KAKRP1
03/24/16 11:03 PM,03/25/16 12:07 AM,KAKRB42,Gurgaon,Garden|Balcony|PetHouse,Apartment,20-30,KAKRP1|KAKRP3|KAKRP8|KAKRP7|KAKRP10|KAKRP11
03/27/16 12:37 AM,03/27/16 12:56 AM,KAKRB61,Mumbai,GuestRoom|PetHouse|Garage,Bungalow,15-20,KAKRP1|KAKRP2|KAKRP5|KAKRP7|KAKRP9|KAKRP12
03/29/16 01:26 AM,03/29/16 02:38 AM,KAKRB54,Goa,Garden|Balcony|PetHouse,Villa|Cottage|Apartment,30-40,KAKRP2|KAKRP7|KAKRP9|KAKRP17|KAKRP18|KAKRP14
03/29/16 03:08 AM,03/29/16 04:21 AM,KAKRB29,Nasik,3BedRoom|GuestRoom|SwimmingPool,Bungalow,30-40,KAKRP1|KAKRP2|KAKRP5|KAKRP7|KAKRP9|KAKRP12
03/31/16 04:51 AM,03/31/16 04:58 AM,KAKRB39,Hyderabad,Balcony|Garage|SwimmingPool,Bungalow,20-30,KAKRP4|KAKRP6|KAKRP8|KAKRP10|KAKRP9|KAKRP14
04/02/16 05:28 AM,04/02/16 06:13 AM,KAKRB6,Cochin,GuestRoom|PetHouse|Garage,Bungalow,20-30,KAKRP7|KAKRP9|KAKRP11|KAKRP15|KAKRP13|KAKRP12
04/04/16 06:43 AM,04/04/16 06:57 AM,KAKRB59,Delhi,Garden|Balcony|PetHouse,Bungalow|Villa|Cottage,40-50,KAKRP4|KAKRP10|KAKRP11|KAKRP18|KAKRP2|KAKRP1
04/04/16 07:27 AM,04/04/16 08:41 AM,KAKRB92,Mumbai,SwimmingPool|PetHouse|Garden,Apartment|Cottage,20-30,KAKRP4|KAKRP6|KAKRP8|KAKRP10|KAKRP9|KAKRP14
04/04/16 09:11 AM,04/04/16 10:18 AM,KAKRB91,Bangalore,Balcony|Garage|SwimmingPool,Villa|Cottage|Apartment,10-15,KAKRP4|KAKRP10|KAKRP11|KAKRP18|KAKRP2|KAKRP1
04/06/16 10:48 AM,04/06/16 11:04 AM,KAKRB36,Gurgaon,SwimmingPool|PetHouse|Garden,Apartment,20-30,KAKRP1|KAKRP3|KAKRP8|KAKRP7|KAKRP10|KAKRP11
04/07/16 11:34 AM,04/07/16 12:28 PM,KAKRB18,Ahemdabad,3BedRoom|GuestRoom|SwimmingPool,Bungalow,20-30,KAKRP4|KAKRP10|KAKRP11|KAKRP18|KAKRP2|KAKRP1
04/08/16 12:58 PM,04/08/16 01:23 PM,KAKRB96,Cochin,GuestRoom|PetHouse|Garage,Villa,10-15,KAKRP2|KAKRP7|KAKRP9|KAKRP17|KAKRP18|KAKRP14
04/09/16 01:53 PM,04/09/16 03:36 PM,KAKRB2,Goa,Garden|Balcony|PetHouse,Villa|Cottage,30-40,KAKRP3|KAKRP16|KAKRP11|KAKRP13|KAKRP4|KAKRP15
04/10/16 04:06 PM,04/10/16 05:38 PM,KAKRB50,Goa,Garden|Balcony|PetHouse,Villa,Above 50,KAKRP4|KAKRP10|KAKRP11|KAKRP18|KAKRP2|KAKRP1
04/11/16 06:08 PM,04/11/16 06:38 PM,KAKRB14,Delhi,3BedRoom|GuestRoom|SwimmingPool,Villa|Cottage|Apartment,Above 50,KAKRP1|KAKRP5|KAKRP9|KAKRP12|KAKRP17|KAKRP16
04/13/16 07:08 PM,04/13/16 08:55 PM,KAKRB36,Nasik,GuestRoom|PetHouse|Garage,Apartment|Cottage,30-40,KAKRP4|KAKRP10|KAKRP11|KAKRP18|KAKRP2|KAKRP1
04/14/16 09:25 PM,04/14/16 11:18 PM,KAKRB32,Ahemdabad,SwimmingPool|PetHouse|Garden,Apartment|Cottage,Above 50,KAKRP4|KAKRP10|KAKRP11|KAKRP18|KAKRP2|KAKRP1
04/15/16 11:48 PM,04/16/16 01:35 AM,KAKRB92,Delhi,Balcony|Garage|SwimmingPool,Apartment|Cottage,30-40,KAKRP4|KAKRP6|KAKRP8|KAKRP10|KAKRP9|KAKRP14
04/18/16 02:05 AM,04/18/16 03:13 AM,KAKRB72,Nasik,Balcony|Garage|SwimmingPool,Bungalow|Apartment,20-30,KAKRP7|KAKRP12|KAKRP15|KAKRP13|KAKRP11|KAKRP6
04/18/16 03:43 AM,04/18/16 04:34 AM,KAKRB33,Cochin,Balcony|Garage|SwimmingPool,Villa,30-40,KAKRP7|KAKRP9|KAKRP11|KAKRP15|KAKRP13|KAKRP12
04/19/16 05:04 AM,04/19/16 06:43 AM,KAKRB38,Bangalore,Garden|Balcony|PetHouse,Apartment,15-20,KAKRP3|KAKRP16|KAKRP11|KAKRP13|KAKRP4|KAKRP15
04/19/16 07:13 AM,04/19/16 07:42 AM,KAKRB51,Ahemdabad,SwimmingPool|PetHouse|Garden,Apartment,30-40,KAKRP7|KAKRP12|KAKRP15|KAKRP13|KAKRP11|KAKRP6
04/19/16 08:12 AM,04/19/16 08:17 AM,KAKRB15,Bangalore,SwimmingPool|PetHouse|Garden,Bungalow|Villa|Cottage,Above 50,KAKRP1|KAKRP3|KAKRP8|KAKRP7|KAKRP10|KAKRP11
04/20/16 08:47 AM,04/20/16 09:37 AM,KAKRB94,Goa,3BedRoom|GuestRoom|SwimmingPool,Villa|Cottage|Apartment,15-20,KAKRP1|KAKRP3|KAKRP8|KAKRP7|KAKRP10|KAKRP11
04/21/16 10:07 AM,04/21/16 11:11 AM,KAKRB57,Goa,Balcony|Garage|SwimmingPool,Villa|Cottage,Above 50,KAKRP1|KAKRP2|KAKRP5|KAKRP7|KAKRP9|KAKRP12
04/23/16 11:41 AM,04/23/16 12:54 PM,KAKRB65,Ahemdabad,Balcony|Garage|SwimmingPool,Villa|Cottage|Apartment,40-50,KAKRP4|KAKRP6|KAKRP8|KAKRP10|KAKRP9|KAKRP14
04/23/16 01:24 PM,04/23/16 02:28 PM,KAKRB75,Ahemdabad,3BedRoom|GuestRoom|SwimmingPool,Cottage,Above 50,KAKRP7|KAKRP12|KAKRP15|KAKRP13|KAKRP11|KAKRP6
04/24/16 02:58 PM,04/24/16 04:14 PM,KAKRB85,Ahemdabad,3BedRoom|PetHouse|Garden,Villa|Cottage,Above 50,KAKRP7|KAKRP9|KAKRP11|KAKRP15|KAKRP13|KAKRP12
04/24/16 04:44 PM,04/24/16 06:31 PM,KAKRB19,Goa,3BedRoom|PetHouse|Garden,Apartment|Cottage,40-50,KAKRP2|KAKRP7|KAKRP9|KAKRP17|KAKRP18|KAKRP14
04/24/16 07:01 PM,04/24/16 07:02 PM,KAKRB65,Cochin,SwimmingPool|PetHouse|Garden,Apartment|Cottage,10-15,KAKRP3|KAKRP16|KAKRP11|KAKRP13|KAKRP4|KAKRP15
04/26/16 07:32 PM,04/26/16 07:36 PM,KAKRB21,Mumbai,3BedRoom|GuestRoom|SwimmingPool,Villa,10-15,KAKRP1|KAKRP2|KAKRP5|KAKRP7|KAKRP9|KAKRP12
04/26/16 08:06 PM,04/26/16 08:17 PM,KAKRB86,Hyderabad,Garden|Balcony|PetHouse,Bungalow|Apartment,Above 50,KAKRP3|KAKRP16|KAKRP11|KAKRP13|KAKRP4|KAKRP15
04/28/16 08:47 PM,04/28/16 10:29 PM,KAKRB42,Delhi,GuestRoom|PetHouse|Garage,Bungalow|Villa|Cottage,15-20,KAKRP1|KAKRP5|KAKRP9|KAKRP12|KAKRP17|KAKRP16
04/30/16 10:59 PM,04/30/16 11:32 PM,KAKRB37,Mumbai,3BedRoom|GuestRoom|SwimmingPool,Villa|Cottage|Apartment,40-50,KAKRP7|KAKRP12|KAKRP15|KAKRP13|KAKRP11|KAKRP6
05/03/16 12:02 AM,05/03/16 12:11 AM,KAKRB74,Hyderabad,Garden|Balcony|PetHouse,Villa|Cottage|Apartment,10-15,KAKRP2|KAKRP7|KAKRP9|KAKRP17|KAKRP18|KAKRP14
05/04/16 12:41 AM,05/04/16 02:25 AM,KAKRB79,Goa,3BedRoom|PetHouse|Garden,Bungalow|Apartment,15-20,KAKRP1|KAKRP3|KAKRP8|KAKRP7|KAKRP10|KAKRP11
05/05/16 02:55 AM,05/05/16 03:59 AM,KAKRB32,Goa,GuestRoom|PetHouse|Garage,Villa|Cottage|Apartment,10-15,KAKRP1|KAKRP2|KAKRP5|KAKRP7|KAKRP9|KAKRP12
05/05/16 04:29 AM,05/05/16 06:29 AM,KAKRB50,Hyderabad,3BedRoom|GuestRoom|SwimmingPool,Bungalow,10-15,KAKRP1|KAKRP3|KAKRP8|KAKRP7|KAKRP10|KAKRP11
05/07/16 06:59 AM,05/07/16 08:05 AM,KAKRB61,Mumbai,Garden|Balcony|PetHouse,Villa|Cottage|Apartment,40-50,KAKRP7|KAKRP9|KAKRP11|KAKRP15|KAKRP13|KAKRP12
05/08/16 08:35 AM,05/08/16 10:24 AM,KAKRB67,Gurgaon,3BedRoom|PetHouse|Garden,Cottage,15-20,KAKRP1|KAKRP3|KAKRP8|KAKRP7|KAKRP10|KAKRP11
05/08/16 10:54 AM,05/08/16 12:23 PM,KAKRB52,Hyderabad,GuestRoom|PetHouse|Garage,Bungalow|Villa|Cottage,10-15,KAKRP1|KAKRP5|KAKRP9|KAKRP12|KAKRP17|KAKRP16
05/10/16 12:53 PM,05/10/16 01:48 PM,KAKRB55,Delhi,3BedRoom|PetHouse|Garden,Cottage,15-20,KAKRP3|KAKRP16|KAKRP11|KAKRP13|KAKRP4|KAKRP15
05/11/16 02:18 PM,05/11/16 03:42 PM,KAKRB18,Delhi,3BedRoom|GuestRoom|SwimmingPool,Villa|Cottage|Apartment,Above 50,KAKRP4|KAKRP6|KAKRP8|KAKRP10|KAKRP9|KAKRP14
05/11/16 04:12 PM,05/11/16 04:23 PM,KAKRB35,Mumbai,GuestRoom|PetHouse|Garage,Bungalow|Villa|Cottage,10-15,KAKRP4|KAKRP6|KAKRP8|KAKRP10|KAKRP9|KAKRP14
05/11/16 04:53 PM,05/11/16 06:44 PM,KAKRB55,Cochin,3BedRoom|GuestRoom|SwimmingPool,Bungalow|Villa|Cottage,15-20,KAKRP7|KAKRP9|KAKRP11|KAKRP15|KAKRP13|KAKRP12
05/13/16 07:14 PM,05/13/16 08:21 PM,KAKRB60,Gurgaon,SwimmingPool|PetHouse|Garden,Apartment|Cottage,20-30,KAKRP4|KAKRP6|KAKRP8|KAKRP10|KAKRP9|KAKRP14
05/13/16 08:51 PM,05/13/16 09:40 PM,KAKRB99,Gurgaon,Garden|Balcony|PetHouse,Villa|Cottage|Apartment,40-50,KAKRP3|KAKRP16|KAKRP11|KAKRP13|KAKRP4|KAKRP15
05/13/16 10:10 PM,05/14/16 12:00 AM,KAKRB79,Ahemdabad,SwimmingPool|PetHouse|Garden,Villa|Cottage,15-20,KAKRP2|KAKRP7|KAKRP9|KAKRP17|KAKRP18|KAKRP14
05/15/16 12:30 AM,05/15/16 12:43 AM,KAKRB93,Mumbai,3BedRoom|GuestRoom|SwimmingPool,Apartment,Above 50,KAKRP1|KAKRP2|KAKRP5|KAKRP7|KAKRP9|KAKRP12
05/15/16 01:13 AM,05/15/16 02:16 AM,KAKRB63,Delhi,GuestRoom|PetHouse|Garage,Cottage,20-30,KAKRP2|KAKRP7|KAKRP9|KAKRP17|KAKRP18|KAKRP14
05/15/16 02:46 AM,05/15/16 04:32 AM,KAKRB53,Hyderabad,SwimmingPool|PetHouse|Garden,Apartment,10-15,KAKRP1|KAKRP5|KAKRP9|KAKRP12|KAKRP17|KAKRP16
05/17/16 05:02 AM,05/17/16 07:02 AM,KAKRB10,Delhi,3BedRoom|PetHouse|Garden,Apartment,40-50,KAKRP1|KAKRP3|KAKRP8|KAKRP7|KAKRP10|KAKRP11
05/17/16 07:32 AM,05/17/16 08:42 AM,KAKRB84,Mumbai,3BedRoom|GuestRoom|SwimmingPool,Apartment,15-20,KAKRP4|KAKRP10|KAKRP11|KAKRP18|KAKRP2|KAKRP1
05/19/16 09:12 AM,05/19/16 09:13 AM,KAKRB38,Gurgaon,3BedRoom|PetHouse|Garden,Bungalow,30-40,KAKRP4|KAKRP6|KAKRP8|KAKRP10|KAKRP9|KAKRP14
05/20/16 09:43 AM,05/20/16 11:21 AM,KAKRB94,Nasik,SwimmingPool|PetHouse|Garden,Villa,15-20,KAKRP7|KAKRP12|KAKRP15|KAKRP13|KAKRP11|KAKRP6
05/22/16 11:51 AM,05/22/16 01:01 PM,KAKRB3,Gurgaon,SwimmingPool|PetHouse|Garden,Bungalow|Villa|Cottage,10-15,KAKRP7|KAKRP12|KAKRP15|KAKRP13|KAKRP11|KAKRP6
05/23/16 01:31 PM,05/23/16 01:40 PM,KAKRB70,Hyderabad,3BedRoom|GuestRoom|SwimmingPool,Apartment|Cottage,20-30,KAKRP4|KAKRP10|KAKRP11|KAKRP18|KAKRP2|KAKRP1
05/24/16 02:10 PM,05/24/16 03:38 PM,KAKRB22,Cochin,Balcony|Garage|SwimmingPool,Villa|Cottage|Apartment,Above 50,KAKRP4|KAKRP6|KAKRP8|KAKRP10|KAKRP9|KAKRP14
05/24/16 04:08 PM,05/24/16 04:41 PM,KAKRB77,Nasik,3BedRoom|PetHouse|Garden,Apartment|Cottage,10-15,KAKRP4|KAKRP10|KAKRP11|KAKRP18|KAKRP2|KAKRP1
05/24/16 05:11 PM,05/24/16 06:17 PM,KAKRB13,Delhi,Garden|Balcony|PetHouse,Bungalow|Villa|Cottage,40-50,KAKRP2|KAKRP7|KAKRP9|KAKRP17|KAKRP18|KAKRP14
05/26/16 06:47 PM,05/26/16 08:31 PM,KAKRB45,Ahemdabad,GuestRoom|PetHouse|Garage,Villa,40-50,KAKRP4|KAKRP6|KAKRP8|KAKRP10|KAKRP9|KAKRP14
05/27/16 09:01 PM,05/27/16 09:41 PM,KAKRB47,Goa,Garden|Balcony|PetHouse,Apartment,15-20,KAKRP7|KAKRP9|KAKRP11|KAKRP15|KAKRP13|KAKRP12
05/27/16 10:11 PM,05/27/16 10:38 PM,KAKRB48,Cochin,Garden|Balcony|PetHouse,Bungalow|Apartment,15-20,KAKRP4|KAKRP10|KAKRP11|KAKRP18|KAKRP2|KAKRP1
05/28/16 11:08 PM,05/29/16 12:38 AM,KAKRB90,Ahemdabad,GuestRoom|PetHouse|Garage,Bungalow,10-15,KAKRP4|KAKRP10|KAKRP11|KAKRP18|KAKRP2|KAKRP1
05/29/16 01:08 AM,05/29/16 02:53 AM,KAKRB88,Nasik,GuestRoom|PetHouse|Garage,Villa,15-20,KAKRP4|KAKRP6|KAKRP8|KAKRP10|KAKRP9|KAKRP14
05/29/16 03:23 AM,05/29/16 04:42 AM,KAKRB66,Bangalore,Garden|Balcony|PetHouse,Villa,15-20,KAKRP3|KAKRP16|KAKRP11|KAKRP13|KAKRP4|KAKRP15
05/30/16 05:12 AM,05/30/16 06:07 AM,KAKRB64,Gurgaon,Balcony|Garage|SwimmingPool,Cottage,10-15,KAKRP7|KAKRP12|KAKRP15|KAKRP13|KAKRP11|KAKRP6
05/30/16 06:37 AM,05/30/16 07:56 AM,KAKRB13,Bangalore,Garden|Balcony|PetHouse,Bungalow,15-20,KAKRP3|KAKRP16|KAKRP11|KAKRP13|KAKRP4|KAKRP15
06/01/16 08:26 AM,06/01/16 08:32 AM,KAKRB49,Bangalore,3BedRoom|GuestRoom|SwimmingPool,Villa,20-30,KAKRP1|KAKRP3|KAKRP8|KAKRP7|KAKRP10|KAKRP11
06/01/16 09:02 AM,06/01/16 09:08 AM,KAKRB83,Ahemdabad,3BedRoom|PetHouse|Garden,Cottage,Above 50,KAKRP3|KAKRP16|KAKRP11|KAKRP13|KAKRP4|KAKRP15
06/03/16 09:38 AM,06/03/16 10:45 AM,KAKRB89,Gurgaon,GuestRoom|PetHouse|Garage,Villa|Cottage,40-50,KAKRP3|KAKRP16|KAKRP11|KAKRP13|KAKRP4|KAKRP15
06/05/16 11:15 AM,06/05/16 12:54 PM,KAKRB76,Nasik,GuestRoom|PetHouse|Garage,Apartment,15-20,KAKRP4|KAKRP10|KAKRP11|KAKRP18|KAKRP2|KAKRP1
06/06/16 01:24 PM,06/06/16 01:25 PM,KAKRB17,Cochin,Balcony|Garage|SwimmingPool,Apartment|Cottage,40-50,KAKRP4|KAKRP10|KAKRP11|KAKRP18|KAKRP2|KAKRP1
06/08/16 01:55 PM,06/08/16 02:53 PM,KAKRB7,Goa,Garden|Balcony|PetHouse,Villa|Cottage|Apartment,10-15,KAKRP7|KAKRP12|KAKRP15|KAKRP13|KAKRP11|KAKRP6
06/08/16 03:23 PM,06/08/16 03:39 PM,KAKRB67,Ahemdabad,Balcony|Garage|SwimmingPool,Apartment,20-30,KAKRP1|KAKRP3|KAKRP8|KAKRP7|KAKRP10|KAKRP11
06/09/16 04:09 PM,06/09/16 04:23 PM,KAKRB30,Bangalore,3BedRoom|PetHouse|Garden,Villa|Cottage|Apartment,15-20,KAKRP4|KAKRP10|KAKRP11|KAKRP18|KAKRP2|KAKRP1
06/11/16 04:53 PM,06/11/16 06:21 PM,KAKRB51,Delhi,GuestRoom|PetHouse|Garage,Apartment,30-40,KAKRP1|KAKRP5|KAKRP9|KAKRP12|KAKRP17|KAKRP16
06/13/16 06:51 PM,06/13/16 07:45 PM,KAKRB94,Gurgaon,3BedRoom|GuestRoom|SwimmingPool,Apartment,40-50,KAKRP1|KAKRP2|KAKRP5|KAKRP7|KAKRP9|KAKRP12
06/13/16 08:15 PM,06/13/16 10:03 PM,KAKRB17,Bangalore,SwimmingPool|PetHouse|Garden,Cottage,20-30,KAKRP3|KAKRP16|KAKRP11|KAKRP13|KAKRP4|KAKRP15
06/15/16 10:33 PM,06/16/16 12:01 AM,KAKRB25,Gurgaon,3BedRoom|PetHouse|Garden,Villa|Cottage|Apartment,20-30,KAKRP3|KAKRP16|KAKRP11|KAKRP13|KAKRP4|KAKRP15
06/16/16 12:31 AM,06/16/16 01:32 AM,KAKRB99,Nasik,SwimmingPool|PetHouse|Garden,Bungalow|Apartment,15-20,KAKRP4|KAKRP10|KAKRP11|KAKRP18|KAKRP2|KAKRP1
06/16/16 02:02 AM,06/16/16 02:53 AM,KAKRB53,Goa,Balcony|Garage|SwimmingPool,Villa|Cottage|Apartment,Above 50,KAKRP4|KAKRP6|KAKRP8|KAKRP10|KAKRP9|KAKRP14
06/18/16 03:23 AM,06/18/16 05:16 AM,KAKRB89,Bangalore,Balcony|Garage|SwimmingPool,Apartment|Cottage,10-15,KAKRP7|KAKRP12|KAKRP15|KAKRP13|KAKRP11|KAKRP6
06/18/16 05:46 AM,06/18/16 06:16 AM,KAKRB40,Ahemdabad,Garden|Balcony|PetHouse,Bungalow,15-20,KAKRP4|KAKRP10|KAKRP11|KAKRP18|KAKRP2|KAKRP1
06/18/16 06:46 AM,06/18/16 08:35 AM,KAKRB56,Cochin,GuestRoom|PetHouse|Garage,Apartment,40-50,KAKRP1|KAKRP2|KAKRP5|KAKRP7|KAKRP9|KAKRP12
06/18/16 09:05 AM,06/18/16 10:37 AM,KAKRB69,Bangalore,Garden|Balcony|PetHouse,Bungalow,30-40,KAKRP1|KAKRP2|KAKRP5|KAKRP7|KAKRP9|KAKRP12
06/20/16 11:07 AM,06/20/16 11:09 AM,KAKRB61,Hyderabad,Balcony|Garage|SwimmingPool,Apartment|Cottage,15-20,KAKRP7|KAKRP9|KAKRP11|KAKRP15|KAKRP13|KAKRP12
06/21/16 11:39 AM,06/21/16 11:53 AM,KAKRB29,Bangalore,Garden|Balcony|PetHouse,Apartment|Cottage,Above 50,KAKRP4|KAKRP10|KAKRP11|KAKRP18|KAKRP2|KAKRP1
06/22/16 12:23 PM,06/22/16 12:44 PM,KAKRB97,Hyderabad,3BedRoom|PetHouse|Garden,Apartment|Cottage,40-50,KAKRP1|KAKRP3|KAKRP8|KAKRP7|KAKRP10|KAKRP11
06/23/16 01:14 PM,06/23/16 02:33 PM,KAKRB47,Nasik,3BedRoom|PetHouse|Garden,Bungalow|Apartment,20-30,KAKRP1|KAKRP2|KAKRP5|KAKRP7|KAKRP9|KAKRP12
06/25/16 03:03 PM,06/25/16 03:51 PM,KAKRB88,Hyderabad,Garden|Balcony|PetHouse,Villa|Cottage|Apartment,Above 50,KAKRP1|KAKRP3|KAKRP8|KAKRP7|KAKRP10|KAKRP11
06/26/16 04:21 PM,06/26/16 06:06 PM,KAKRB86,Goa,3BedRoom|GuestRoom|SwimmingPool,Apartment,30-40,KAKRP7|KAKRP9|KAKRP11|KAKRP15|KAKRP13|KAKRP12
06/28/16 06:36 PM,06/28/16 08:02 PM,KAKRB46,Delhi,3BedRoom|PetHouse|Garden,Villa|Cottage|Apartment,Above 50,KAKRP4|KAKRP10|KAKRP11|KAKRP18|KAKRP2|KAKRP1
06/29/16 08:32 PM,06/29/16 09:58 PM,KAKRB5,Goa,3BedRoom|PetHouse|Garden,Apartment|Cottage,Above 50,KAKRP4|KAKRP6|KAKRP8|KAKRP10|KAKRP9|KAKRP14
07/01/16 10:28 PM,07/02/16 12:23 AM,KAKRB8,Nasik,Balcony|Garage|SwimmingPool,Apartment,10-15,KAKRP2|KAKRP7|KAKRP9|KAKRP17|KAKRP18|KAKRP14
07/03/16 12:53 AM,07/03/16 01:37 AM,KAKRB19,Cochin,3BedRoom|GuestRoom|SwimmingPool,Cottage,30-40,KAKRP7|KAKRP9|KAKRP11|KAKRP15|KAKRP13|KAKRP12
07/03/16 02:07 AM,07/03/16 03:21 AM,KAKRB74,Gurgaon,3BedRoom|GuestRoom|SwimmingPool,Villa,10-15,KAKRP1|KAKRP3|KAKRP8|KAKRP7|KAKRP10|KAKRP11
07/04/16 03:51 AM,07/04/16 05:48 AM,KAKRB55,Hyderabad,Garden|Balcony|PetHouse,Bungalow,15-20,KAKRP3|KAKRP16|KAKRP11|KAKRP13|KAKRP4|KAKRP15
07/06/16 06:18 AM,07/06/16 08:11 AM,KAKRB67,Cochin,3BedRoom|GuestRoom|SwimmingPool,Villa|Cottage,30-40,KAKRP4|KAKRP6|KAKRP8|KAKRP10|KAKRP9|KAKRP14
07/07/16 08:41 AM,07/07/16 09:24 AM,KAKRB22,Goa,GuestRoom|PetHouse|Garage,Villa|Cottage|Apartment,Above 50,KAKRP1|KAKRP5|KAKRP9|KAKRP12|KAKRP17|KAKRP16
07/07/16 09:54 AM,07/07/16 10:28 AM,KAKRB41,Goa,3BedRoom|GuestRoom|SwimmingPool,Villa|Cottage,15-20,KAKRP1|KAKRP5|KAKRP9|KAKRP12|KAKRP17|KAKRP16
07/09/16 10:58 AM,07/09/16 12:49 PM,KAKRB37,Bangalore,Balcony|Garage|SwimmingPool,Bungalow|Apartment,40-50,KAKRP1|KAKRP5|KAKRP9|KAKRP12|KAKRP17|KAKRP16
07/11/16 01:19 PM,07/11/16 03:05 PM,KAKRB84,Bangalore,GuestRoom|PetHouse|Garage,Apartment|Cottage,20-30,KAKRP1|KAKRP5|KAKRP9|KAKRP12|KAKRP17|KAKRP16
07/12/16 03:35 PM,07/12/16 05:03 PM,KAKRB37,Bangalore,3BedRoom|GuestRoom|SwimmingPool,Villa|Cottage|Apartment,15-20,KAKRP1|KAKRP5|KAKRP9|KAKRP12|KAKRP17|KAKRP16
07/14/16 05:33 PM,07/14/16 07:06 PM,KAKRB11,Hyderabad,GuestRoom|PetHouse|Garage,Villa|Cottage|Apartment,20-30,KAKRP7|KAKRP12|KAKRP15|KAKRP13|KAKRP11|KAKRP6
07/16/16 07:36 PM,07/16/16 07:40 PM,KAKRB33,Nasik,3BedRoom|PetHouse|Garden,Apartment,20-30,KAKRP4|KAKRP6|KAKRP8|KAKRP10|KAKRP9|KAKRP14
07/18/16 08:10 PM,07/18/16 09:50 PM,KAKRB8,Ahemdabad,3BedRoom|GuestRoom|SwimmingPool,Bungalow|Villa|Cottage,Above 50,KAKRP7|KAKRP12|KAKRP15|KAKRP13|KAKRP11|KAKRP6
07/18/16 10:20 PM,07/18/16 11:09 PM,KAKRB56,Mumbai,Balcony|Garage|SwimmingPool,Bungalow|Villa|Cottage,30-40,KAKRP1|KAKRP2|KAKRP5|KAKRP7|KAKRP9|KAKRP12
07/20/16 11:39 PM,07/21/16 12:50 AM,KAKRB63,Goa,GuestRoom|PetHouse|Garage,Bungalow|Apartment,15-20,KAKRP3|KAKRP16|KAKRP11|KAKRP13|KAKRP4|KAKRP15
07/22/16 01:20 AM,07/22/16 02:52 AM,KAKRB19,Mumbai,Garden|Balcony|PetHouse,Villa|Cottage,40-50,KAKRP7|KAKRP12|KAKRP15|KAKRP13|KAKRP11|KAKRP6
07/23/16 03:22 AM,07/23/16 03:40 AM,KAKRB85,Ahemdabad,Garden|Balcony|PetHouse,Bungalow|Apartment,Above 50,KAKRP4|KAKRP10|KAKRP11|KAKRP18|KAKRP2|KAKRP1
07/23/16 04:10 AM,07/23/16 04:39 AM,KAKRB44,Hyderabad,3BedRoom|PetHouse|Garden,Bungalow|Villa|Cottage,15-20,KAKRP1|KAKRP3|KAKRP8|KAKRP7|KAKRP10|KAKRP11
07/24/16 05:09 AM,07/24/16 05:14 AM,KAKRB87,Ahemdabad,3BedRoom|PetHouse|Garden,Cottage,Above 50,KAKRP1|KAKRP5|KAKRP9|KAKRP12|KAKRP17|KAKRP16
07/26/16 05:44 AM,07/26/16 06:39 AM,KAKRB51,Hyderabad,SwimmingPool|PetHouse|Garden,Bungalow|Apartment,10-15,KAKRP3|KAKRP16|KAKRP11|KAKRP13|KAKRP4|KAKRP15
07/28/16 07:09 AM,07/28/16 08:57 AM,KAKRB47,Cochin,3BedRoom|GuestRoom|SwimmingPool,Bungalow,10-15,KAKRP1|KAKRP5|KAKRP9|KAKRP12|KAKRP17|KAKRP16
07/29/16 09:27 AM,07/29/16 10:59 AM,KAKRB57,Nasik,3BedRoom|PetHouse|Garden,Villa|Cottage|Apartment,40-50,KAKRP1|KAKRP2|KAKRP5|KAKRP7|KAKRP9|KAKRP12
07/30/16 11:29 AM,07/30/16 12:18 PM,KAKRB62,Bangalore,Garden|Balcony|PetHouse,Villa,20-30,KAKRP1|KAKRP2|KAKRP5|KAKRP7|KAKRP9|KAKRP12
07/30/16 12:48 PM,07/30/16 02:20 PM,KAKRB71,Ahemdabad,Balcony|Garage|SwimmingPool,Bungalow,40-50,KAKRP7|KAKRP12|KAKRP15|KAKRP13|KAKRP11|KAKRP6
07/31/16 02:50 PM,07/31/16 04:32 PM,KAKRB4,Mumbai,3BedRoom|PetHouse|Garden,Villa,30-40,KAKRP4|KAKRP6|KAKRP8|KAKRP10|KAKRP9|KAKRP14
07/31/16 05:02 PM,07/31/16 06:40 PM,KAKRB43,Ahemdabad,Garden|Balcony|PetHouse,Villa|Cottage|Apartment,40-50,KAKRP3|KAKRP16|KAKRP11|KAKRP13|KAKRP4|KAKRP15
08/02/16 07:10 PM,08/02/16 07:25 PM,KAKRB6,Mumbai,Garden|Balcony|PetHouse,Bungalow|Villa|Cottage,40-50,KAKRP7|KAKRP9|KAKRP11|KAKRP15|KAKRP13|KAKRP12
08/04/16 07:55 PM,08/04/16 09:07 PM,KAKRB78,Gurgaon,Balcony|Garage|SwimmingPool,Bungalow|Villa|Cottage,10-15,KAKRP1|KAKRP5|KAKRP9|KAKRP12|KAKRP17|KAKRP16
08/06/16 09:37 PM,08/06/16 10:27 PM,KAKRB23,Gurgaon,Balcony|Garage|SwimmingPool,Villa,10-15,KAKRP1|KAKRP3|KAKRP8|KAKRP7|KAKRP10|KAKRP11
08/08/16 10:57 PM,08/08/16 11:02 PM,KAKRB93,Cochin,3BedRoom|GuestRoom|SwimmingPool,Cottage,10-15,KAKRP7|KAKRP9|KAKRP11|KAKRP15|KAKRP13|KAKRP12
08/09/16 11:32 PM,08/10/16 01:27 AM,KAKRB83,Gurgaon,3BedRoom|PetHouse|Garden,Bungalow|Villa|Cottage,30-40,KAKRP2|KAKRP7|KAKRP9|KAKRP17|KAKRP18|KAKRP14
08/12/16 01:57 AM,08/12/16 03:46 AM,KAKRB35,Ahemdabad,3BedRoom|GuestRoom|SwimmingPool,Villa|Cottage|Apartment,30-40,KAKRP1|KAKRP5|KAKRP9|KAKRP12|KAKRP17|KAKRP16
08/12/16 04:16 AM,08/12/16 05:16 AM,KAKRB57,Cochin,3BedRoom|PetHouse|Garden,Apartment,Above 50,KAKRP7|KAKRP12|KAKRP15|KAKRP13|KAKRP11|KAKRP6
08/14/16 05:46 AM,08/14/16 07:19 AM,KAKRB34,Cochin,Garden|Balcony|PetHouse,Villa|Cottage|Apartment,15-20,KAKRP2|KAKRP7|KAKRP9|KAKRP17|KAKRP18|KAKRP14
08/14/16 07:49 AM,08/14/16 08:27 AM,KAKRB69,Bangalore,Balcony|Garage|SwimmingPool,Apartment,20-30,KAKRP1|KAKRP2|KAKRP5|KAKRP7|KAKRP9|KAKRP12
08/16/16 08:57 AM,08/16/16 10:35 AM,KAKRB42,Gurgaon,Garden|Balcony|PetHouse,Bungalow,10-15,KAKRP7|KAKRP9|KAKRP11|KAKRP15|KAKRP13|KAKRP12
08/17/16 11:05 AM,08/17/16 11:26 AM,KAKRB49,Goa,GuestRoom|PetHouse|Garage,Villa|Cottage,15-20,KAKRP1|KAKRP2|KAKRP5|KAKRP7|KAKRP9|KAKRP12
08/19/16 11:56 AM,08/19/16 01:54 PM,KAKRB97,Hyderabad,Garden|Balcony|PetHouse,Cottage,Above 50,KAKRP4|KAKRP6|KAKRP8|KAKRP10|KAKRP9|KAKRP14
08/21/16 02:24 PM,08/21/16 04:03 PM,KAKRB88,Goa,3BedRoom|PetHouse|Garden,Villa|Cottage|Apartment,20-30,KAKRP1|KAKRP3|KAKRP8|KAKRP7|KAKRP10|KAKRP11
08/23/16 04:33 PM,08/23/16 05:25 PM,KAKRB4,Mumbai,SwimmingPool|PetHouse|Garden,Apartment|Cottage,Above 50,KAKRP4|KAKRP10|KAKRP11|KAKRP18|KAKRP2|KAKRP1
08/23/16 05:55 PM,08/23/16 07:38 PM,KAKRB36,Mumbai,Balcony|Garage|SwimmingPool,Villa|Cottage|Apartment,30-40,KAKRP7|KAKRP9|KAKRP11|KAKRP15|KAKRP13|KAKRP12
08/24/16 08:08 PM,08/24/16 09:20 PM,KAKRB25,Delhi,SwimmingPool|PetHouse|Garden,Apartment|Cottage,20-30,KAKRP7|KAKRP9|KAKRP11|KAKRP15|KAKRP13|KAKRP12
08/24/16 09:50 PM,08/24/16 10:12 PM,KAKRB46,Hyderabad,3BedRoom|PetHouse|Garden,Apartment|Cottage,15-20,KAKRP1|KAKRP3|KAKRP8|KAKRP7|KAKRP10|KAKRP11
08/24/16 10:42 PM,08/24/16 11:47 PM,KAKRB12,Goa,SwimmingPool|PetHouse|Garden,Cottage,10-15,KAKRP7|KAKRP9|KAKRP11|KAKRP15|KAKRP13|KAKRP12
08/26/16 12:17 AM,08/26/16 01:55 AM,KAKRB25,Delhi,3BedRoom|GuestRoom|SwimmingPool,Villa,40-50,KAKRP1|KAKRP2|KAKRP5|KAKRP7|KAKRP9|KAKRP12
08/26/16 02:25 AM,08/26/16 03:32 AM,KAKRB79,Delhi,SwimmingPool|PetHouse|Garden,Apartment|Cottage,10-15,KAKRP1|KAKRP3|KAKRP8|KAKRP7|KAKRP10|KAKRP11
08/27/16 04:02 AM,08/27/16 05:25 AM,KAKRB74,Delhi,Garden|Balcony|PetHouse,Bungalow|Villa|Cottage,20-30,KAKRP7|KAKRP9|KAKRP11|KAKRP15|KAKRP13|KAKRP12
08/29/16 05:55 AM,08/29/16 06:50 AM,KAKRB89,Ahemdabad,3BedRoom|PetHouse|Garden,Villa,20-30,KAKRP7|KAKRP9|KAKRP11|KAKRP15|KAKRP13|KAKRP12
08/31/16 07:20 AM,08/31/16 08:10 AM,KAKRB76,Goa,3BedRoom|GuestRoom|SwimmingPool,Villa,40-50,KAKRP4|KAKRP10|KAKRP11|KAKRP18|KAKRP2|KAKRP1
09/02/16 08:40 AM,09/02/16 10:37 AM,KAKRB44,Cochin,3BedRoom|PetHouse|Garden,Apartment,15-20,KAKRP1|KAKRP5|KAKRP9|KAKRP12|KAKRP17|KAKRP16
09/02/16 11:07 AM,09/02/16 11:20 AM,KAKRB25,Mumbai,GuestRoom|PetHouse|Garage,Bungalow,30-40,KAKRP3|KAKRP16|KAKRP11|KAKRP13|KAKRP4|KAKRP15
09/03/16 11:50 AM,09/03/16 11:54 AM,KAKRB24,Nasik,3BedRoom|GuestRoom|SwimmingPool,Bungalow|Villa|Cottage,Above 50,KAKRP3|KAKRP16|KAKRP11|KAKRP13|KAKRP4|KAKRP15
09/03/16 12:24 PM,09/03/16 01:44 PM,KAKRB66,Goa,Balcony|Garage|SwimmingPool,Villa|Cottage,20-30,KAKRP2|KAKRP7|KAKRP9|KAKRP17|KAKRP18|KAKRP14
09/04/16 02:14 PM,09/04/16 03:51 PM,KAKRB2,Ahemdabad,Balcony|Garage|SwimmingPool,Villa|Cottage,30-40,KAKRP1|KAKRP3|KAKRP8|KAKRP7|KAKRP10|KAKRP11
09/06/16 04:21 PM,09/06/16 05:39 PM,KAKRB34,Mumbai,SwimmingPool|PetHouse|Garden,Bungalow|Apartment,30-40,KAKRP7|KAKRP12|KAKRP15|KAKRP13|KAKRP11|KAKRP6
09/08/16 06:09 PM,09/08/16 06:46 PM,KAKRB34,Mumbai,Balcony|Garage|SwimmingPool,Bungalow|Villa|Cottage,20-30,KAKRP7|KAKRP9|KAKRP11|KAKRP15|KAKRP13|KAKRP12
09/08/16 07:16 PM,09/08/16 08:29 PM,KAKRB73,Hyderabad,Balcony|Garage|SwimmingPool,Bungalow|Apartment,40-50,KAKRP7|KAKRP9|KAKRP11|KAKRP15|KAKRP13|KAKRP12
09/09/16 08:59 PM,09/09/16 10:25 PM,KAKRB71,Goa,SwimmingPool|PetHouse|Garden,Bungalow|Villa|Cottage,Above 50,KAKRP4|KAKRP6|KAKRP8|KAKRP10|KAKRP9|KAKRP14
09/10/16 10:55 PM,09/10/16 11:55 PM,KAKRB23,Delhi,Balcony|Garage|SwimmingPool,Bungalow|Villa|Cottage,30-40,KAKRP1|KAKRP5|KAKRP9|KAKRP12|KAKRP17|KAKRP16
09/12/16 12:25 AM,09/12/16 12:46 AM,KAKRB1,Hyderabad,SwimmingPool|PetHouse|Garden,Bungalow,30-40,KAKRP1|KAKRP5|KAKRP9|KAKRP12|KAKRP17|KAKRP16
09/14/16 01:16 AM,09/14/16 02:40 AM,KAKRB90,Delhi,GuestRoom|PetHouse|Garage,Cottage,15-20,KAKRP1|KAKRP5|KAKRP9|KAKRP12|KAKRP17|KAKRP16
09/15/16 03:10 AM,09/15/16 03:20 AM,KAKRB3,Ahemdabad,GuestRoom|PetHouse|Garage,Bungalow|Villa|Cottage,10-15,KAKRP7|KAKRP9|KAKRP11|KAKRP15|KAKRP13|KAKRP12
09/16/16 03:50 AM,09/16/16 05:22 AM,KAKRB68,Gurgaon,SwimmingPool|PetHouse|Garden,Bungalow|Villa|Cottage,15-20,KAKRP1|KAKRP3|KAKRP8|KAKRP7|KAKRP10|KAKRP11
09/18/16 05:52 AM,09/18/16 07:13 AM,KAKRB3,Mumbai,3BedRoom|GuestRoom|SwimmingPool,Villa|Cottage,10-15,KAKRP3|KAKRP16|KAKRP11|KAKRP13|KAKRP4|KAKRP15
09/18/16 07:43 AM,09/18/16 08:19 AM,KAKRB28,Hyderabad,SwimmingPool|PetHouse|Garden,Bungalow|Apartment,10-15,KAKRP7|KAKRP9|KAKRP11|KAKRP15|KAKRP13|KAKRP12
09/19/16 08:49 AM,09/19/16 10:18 AM,KAKRB28,Mumbai,GuestRoom|PetHouse|Garage,Apartment,Above 50,KAKRP1|KAKRP2|KAKRP5|KAKRP7|KAKRP9|KAKRP12
09/19/16 10:48 AM,09/19/16 10:53 AM,KAKRB82,Cochin,Balcony|Garage|SwimmingPool,Apartment,20-30,KAKRP7|KAKRP12|KAKRP15|KAKRP13|KAKRP11|KAKRP6
09/19/16 11:23 AM,09/19/16 12:49 PM,KAKRB75,Mumbai,SwimmingPool|PetHouse|Garden,Bungalow|Apartment,30-40,KAKRP7|KAKRP12|KAKRP15|KAKRP13|KAKRP11|KAKRP6
09/20/16 01:19 PM,09/20/16 01:54 PM,KAKRB87,Delhi,Garden|Balcony|PetHouse,Bungalow|Villa|Cottage,40-50,KAKRP7|KAKRP9|KAKRP11|KAKRP15|KAKRP13|KAKRP12
09/21/16 02:24 PM,09/21/16 03:00 PM,KAKRB79,Nasik,SwimmingPool|PetHouse|Garden,Villa,10-15,KAKRP1|KAKRP2|KAKRP5|KAKRP7|KAKRP9|KAKRP12
09/21/16 03:30 PM,09/21/16 05:14 PM,KAKRB41,Hyderabad,3BedRoom|GuestRoom|SwimmingPool,Cottage,20-30,KAKRP3|KAKRP16|KAKRP11|KAKRP13|KAKRP4|KAKRP15
09/21/16 05:44 PM,09/21/16 07:27 PM,KAKRB41,Goa,3BedRoom|PetHouse|Garden,Bungalow,Above 50,KAKRP4|KAKRP10|KAKRP11|KAKRP18|KAKRP2|KAKRP1
09/21/16 07:57 PM,09/21/16 09:34 PM,KAKRB36,Bangalore,3BedRoom|PetHouse|Garden,Apartment|Cottage,30-40,KAKRP4|KAKRP6|KAKRP8|KAKRP10|KAKRP9|KAKRP14
09/22/16 10:04 PM,09/22/16 10:18 PM,KAKRB97,Gurgaon,3BedRoom|PetHouse|Garden,Apartment,20-30,KAKRP7|KAKRP12|KAKRP15|KAKRP13|KAKRP11|KAKRP6
09/22/16 10:48 PM,09/22/16 11:48 PM,KAKRB12,Ahemdabad,Balcony|Garage|SwimmingPool,Bungalow,Above 50,KAKRP4|KAKRP6|KAKRP8|KAKRP10|KAKRP9|KAKRP14
09/24/16 12:18 AM,09/24/16 12:20 AM,KAKRB95,Cochin,Balcony|Garage|SwimmingPool,Bungalow,40-50,KAKRP1|KAKRP5|KAKRP9|KAKRP12|KAKRP17|KAKRP16
09/24/16 12:50 AM,09/24/16 02:22 AM,KAKRB44,Gurgaon,SwimmingPool|PetHouse|Garden,Bungalow|Apartment,20-30,KAKRP4|KAKRP6|KAKRP8|KAKRP10|KAKRP9|KAKRP14
09/25/16 02:52 AM,09/25/16 04:04 AM,KAKRB93,Mumbai,GuestRoom|PetHouse|Garage,Apartment|Cottage,Above 50,KAKRP1|KAKRP5|KAKRP9|KAKRP12|KAKRP17|KAKRP16
09/27/16 04:34 AM,09/27/16 05:28 AM,KAKRB40,Cochin,GuestRoom|PetHouse|Garage,Bungalow|Villa|Cottage,30-40,KAKRP1|KAKRP5|KAKRP9|KAKRP12|KAKRP17|KAKRP16
09/27/16 05:58 AM,09/27/16 06:20 AM,KAKRB13,Nasik,3BedRoom|PetHouse|Garden,Villa|Cottage|Apartment,10-15,KAKRP7|KAKRP12|KAKRP15|KAKRP13|KAKRP11|KAKRP6
09/27/16 06:50 AM,09/27/16 08:16 AM,KAKRB34,Goa,3BedRoom|GuestRoom|SwimmingPool,Bungalow,40-50,KAKRP1|KAKRP2|KAKRP5|KAKRP7|KAKRP9|KAKRP12
09/29/16 08:46 AM,09/29/16 09:59 AM,KAKRB94,Cochin,GuestRoom|PetHouse|Garage,Villa|Cottage|Apartment,15-20,KAKRP4|KAKRP6|KAKRP8|KAKRP10|KAKRP9|KAKRP14
10/01/16 10:29 AM,10/01/16 11:29 AM,KAKRB2,Hyderabad,Balcony|Garage|SwimmingPool,Bungalow,20-30,KAKRP1|KAKRP5|KAKRP9|KAKRP12|KAKRP17|KAKRP16
10/03/16 11:59 AM,10/03/16 12:23 PM,KAKRB39,Bangalore,Garden|Balcony|PetHouse,Apartment|Cottage,30-40,KAKRP1|KAKRP5|KAKRP9|KAKRP12|KAKRP17|KAKRP16
10/05/16 12:53 PM,10/05/16 01:57 PM,KAKRB92,Bangalore,SwimmingPool|PetHouse|Garden,Bungalow|Apartment,30-40,KAKRP4|KAKRP10|KAKRP11|KAKRP18|KAKRP2|KAKRP1
10/06/16 02:27 PM,10/06/16 03:03 PM,KAKRB26,Mumbai,GuestRoom|PetHouse|Garage,Villa|Cottage,30-40,KAKRP4|KAKRP6|KAKRP8|KAKRP10|KAKRP9|KAKRP14
10/08/16 03:33 PM,10/08/16 03:53 PM,KAKRB9,Cochin,Balcony|Garage|SwimmingPool,Villa,Above 50,KAKRP2|KAKRP7|KAKRP9|KAKRP17|KAKRP18|KAKRP14
10/08/16 04:23 PM,10/08/16 05:52 PM,KAKRB56,Hyderabad,Balcony|Garage|SwimmingPool,Bungalow|Villa|Cottage,30-40,KAKRP7|KAKRP12|KAKRP15|KAKRP13|KAKRP11|KAKRP6
10/08/16 06:22 PM,10/08/16 08:01 PM,KAKRB87,Goa,Garden|Balcony|PetHouse,Bungalow,15-20,KAKRP4|KAKRP10|KAKRP11|KAKRP18|KAKRP2|KAKRP1
10/08/16 08:31 PM,10/08/16 10:14 PM,KAKRB25,Ahemdabad,3BedRoom|PetHouse|Garden,Apartment|Cottage,30-40,KAKRP1|KAKRP3|KAKRP8|KAKRP7|KAKRP10|KAKRP11
10/08/16 10:44 PM,10/08/16 11:49 PM,KAKRB81,Bangalore,Balcony|Garage|SwimmingPool,Apartment|Cottage,30-40,KAKRP7|KAKRP9|KAKRP11|KAKRP15|KAKRP13|KAKRP12
10/10/16 12:19 AM,10/10/16 01:24 AM,KAKRB75,Mumbai,Balcony|Garage|SwimmingPool,Cottage,20-30,KAKRP1|KAKRP5|KAKRP9|KAKRP12|KAKRP17|KAKRP16
10/12/16 01:54 AM,10/12/16 02:48 AM,KAKRB61,Delhi,Balcony|Garage|SwimmingPool,Bungalow,10-15,KAKRP1|KAKRP3|KAKRP8|KAKRP7|KAKRP10|KAKRP11
10/13/16 03:18 AM,10/13/16 03:41 AM,KAKRB19,Mumbai,SwimmingPool|PetHouse|Garden,Bungalow|Villa|Cottage,10-15,KAKRP7|KAKRP9|KAKRP11|KAKRP15|KAKRP13|KAKRP12
10/13/16 04:11 AM,10/13/16 04:35 AM,KAKRB48,Gurgaon,SwimmingPool|PetHouse|Garden,Villa|Cottage|Apartment,Above 50,KAKRP3|KAKRP16|KAKRP11|KAKRP13|KAKRP4|KAKRP15
10/14/16 05:05 AM,10/14/16 06:42 AM,KAKRB65,Delhi,Balcony|Garage|SwimmingPool,Villa|Cottage|Apartment,40-50,KAKRP1|KAKRP2|KAKRP5|KAKRP7|KAKRP9|KAKRP12
10/15/16 07:12 AM,10/15/16 08:39 AM,KAKRB32,Delhi,GuestRoom|PetHouse|Garage,Apartment,40-50,KAKRP2|KAKRP7|KAKRP9|KAKRP17|KAKRP18|KAKRP14
10/16/16 09:09 AM,10/16/16 11:08 AM,KAKRB22,Goa,Garden|Balcony|PetHouse,Apartment|Cottage,10-15,KAKRP4|KAKRP6|KAKRP8|KAKRP10|KAKRP9|KAKRP14
10/16/16 11:38 AM,10/16/16 01:04 PM,KAKRB92,Goa,GuestRoom|PetHouse|Garage,Apartment|Cottage,15-20,KAKRP7|KAKRP12|KAKRP15|KAKRP13|KAKRP11|KAKRP6
10/17/16 01:34 PM,10/17/16 02:18 PM,KAKRB76,Nasik,Balcony|Garage|SwimmingPool,Apartment,20-30,KAKRP1|KAKRP5|KAKRP9|KAKRP12|KAKRP17|KAKRP16
10/17/16 02:48 PM,10/17/16 04:24 PM,KAKRB39,Nasik,GuestRoom|PetHouse|Garage,Villa,15-20,KAKRP1|KAKRP3|KAKRP8|KAKRP7|KAKRP10|KAKRP11
10/19/16 04:54 PM,10/19/16 05:03 PM,KAKRB97,Hyderabad,Balcony|Garage|SwimmingPool,Villa|Cottage,20-30,KAKRP3|KAKRP16|KAKRP11|KAKRP13|KAKRP4|KAKRP15
10/21/16 05:33 PM,10/21/16 06:58 PM,KAKRB42,Goa,Garden|Balcony|PetHouse,Villa,Above 50,KAKRP1|KAKRP2|KAKRP5|KAKRP7|KAKRP9|KAKRP12
10/21/16 07:28 PM,10/21/16 09:20 PM,KAKRB83,Goa,Garden|Balcony|PetHouse,Bungalow|Villa|Cottage,30-40,KAKRP7|KAKRP12|KAKRP15|KAKRP13|KAKRP11|KAKRP6
10/22/16 09:50 PM,10/22/16 10:38 PM,KAKRB52,Hyderabad,3BedRoom|GuestRoom|SwimmingPool,Villa,Above 50,KAKRP7|KAKRP12|KAKRP15|KAKRP13|KAKRP11|KAKRP6
10/22/16 11:08 PM,10/23/16 12:36 AM,KAKRB10,Mumbai,Garden|Balcony|PetHouse,Villa,Above 50,KAKRP4|KAKRP6|KAKRP8|KAKRP10|KAKRP9|KAKRP14
10/24/16 01:06 AM,10/24/16 03:03 AM,KAKRB11,Ahemdabad,3BedRoom|PetHouse|Garden,Bungalow,30-40,KAKRP2|KAKRP7|KAKRP9|KAKRP17|KAKRP18|KAKRP14
10/25/16 03:33 AM,10/25/16 03:55 AM,KAKRB57,Cochin,GuestRoom|PetHouse|Garage,Villa,40-50,KAKRP1|KAKRP2|KAKRP5|KAKRP7|KAKRP9|KAKRP12
10/27/16 04:25 AM,10/27/16 04:40 AM,KAKRB4,Delhi,3BedRoom|PetHouse|Garden,Bungalow|Apartment,40-50,KAKRP4|KAKRP10|KAKRP11|KAKRP18|KAKRP2|KAKRP1
10/27/16 05:10 AM,10/27/16 06:38 AM,KAKRB27,Hyderabad,3BedRoom|PetHouse|Garden,Cottage,20-30,KAKRP2|KAKRP7|KAKRP9|KAKRP17|KAKRP18|KAKRP14
10/28/16 07:08 AM,10/28/16 08:48 AM,KAKRB27,Nasik,SwimmingPool|PetHouse|Garden,Apartment|Cottage,40-50,KAKRP4|KAKRP10|KAKRP11|KAKRP18|KAKRP2|KAKRP1
10/30/16 09:18 AM,10/30/16 10:18 AM,KAKRB59,Nasik,Balcony|Garage|SwimmingPool,Villa|Cottage,30-40,KAKRP2|KAKRP7|KAKRP9|KAKRP17|KAKRP18|KAKRP14
11/01/16 10:48 AM,11/01/16 11:55 AM,KAKRB98,Cochin,SwimmingPool|PetHouse|Garden,Villa|Cottage,30-40,KAKRP1|KAKRP3|KAKRP8|KAKRP7|KAKRP10|KAKRP11
11/03/16 12:25 PM,11/03/16 01:00 PM,KAKRB1,Gurgaon,Garden|Balcony|PetHouse,Villa|Cottage,10-15,KAKRP1|KAKRP3|KAKRP8|KAKRP7|KAKRP10|KAKRP11
11/04/16 01:30 PM,11/04/16 03:28 PM,KAKRB59,Cochin,Garden|Balcony|PetHouse,Villa,20-30,KAKRP4|KAKRP10|KAKRP11|KAKRP18|KAKRP2|KAKRP1
11/04/16 03:58 PM,11/04/16 04:03 PM,KAKRB90,Mumbai,GuestRoom|PetHouse|Garage,Bungalow|Villa|Cottage,30-40,KAKRP7|KAKRP9|KAKRP11|KAKRP15|KAKRP13|KAKRP12
11/04/16 04:33 PM,11/04/16 05:08 PM,KAKRB18,Mumbai,Balcony|Garage|SwimmingPool,Villa,20-30,KAKRP2|KAKRP7|KAKRP9|KAKRP17|KAKRP18|KAKRP14
11/06/16 05:38 PM,11/06/16 06:12 PM,KAKRB21,Ahemdabad,3BedRoom|GuestRoom|SwimmingPool,Cottage,10-15,KAKRP4|KAKRP6|KAKRP8|KAKRP10|KAKRP9|KAKRP14
11/06/16 06:42 PM,11/06/16 07:06 PM,KAKRB42,Ahemdabad,SwimmingPool|PetHouse|Garden,Villa,Above 50,KAKRP4|KAKRP10|KAKRP11|KAKRP18|KAKRP2|KAKRP1
11/07/16 07:36 PM,11/07/16 07:43 PM,KAKRB74,Delhi,3BedRoom|GuestRoom|SwimmingPool,Bungalow|Apartment,30-40,KAKRP3|KAKRP16|KAKRP11|KAKRP13|KAKRP4|KAKRP15
11/07/16 08:13 PM,11/07/16 08:39 PM,KAKRB14,Mumbai,3BedRoom|PetHouse|Garden,Apartment,10-15,KAKRP4|KAKRP10|KAKRP11|KAKRP18|KAKRP2|KAKRP1
11/07/16 09:09 PM,11/07/16 09:16 PM,KAKRB60,Hyderabad,Balcony|Garage|SwimmingPool,Bungalow,30-40,KAKRP3|KAKRP16|KAKRP11|KAKRP13|KAKRP4|KAKRP15
11/08/16 09:46 PM,11/08/16 10:51 PM,KAKRB13,Gurgaon,3BedRoom|GuestRoom|SwimmingPool,Bungalow|Apartment,20-30,KAKRP4|KAKRP10|KAKRP11|KAKRP18|KAKRP2|KAKRP1
11/09/16 11:21 PM,11/09/16 11:44 PM,KAKRB58,Cochin,Balcony|Garage|SwimmingPool,Bungalow|Apartment,40-50,KAKRP4|KAKRP10|KAKRP11|KAKRP18|KAKRP2|KAKRP1
11/10/16 12:14 AM,11/10/16 02:13 AM,KAKRB6,Gurgaon,3BedRoom|PetHouse|Garden,Villa|Cottage,15-20,KAKRP1|KAKRP3|KAKRP8|KAKRP7|KAKRP10|KAKRP11
11/12/16 02:43 AM,11/12/16 04:10 AM,KAKRB1,Bangalore,GuestRoom|PetHouse|Garage,Villa|Cottage|Apartment,40-50,KAKRP7|KAKRP12|KAKRP15|KAKRP13|KAKRP11|KAKRP6
11/14/16 04:40 AM,11/14/16 06:17 AM,KAKRB86,Cochin,Balcony|Garage|SwimmingPool,Villa,10-15,KAKRP1|KAKRP3|KAKRP8|KAKRP7|KAKRP10|KAKRP11
11/15/16 06:47 AM,11/15/16 08:44 AM,KAKRB86,Gurgaon,3BedRoom|GuestRoom|SwimmingPool,Villa|Cottage,30-40,KAKRP7|KAKRP12|KAKRP15|KAKRP13|KAKRP11|KAKRP6
11/16/16 09:14 AM,11/16/16 09:58 AM,KAKRB54,Delhi,3BedRoom|GuestRoom|SwimmingPool,Villa|Cottage,40-50,KAKRP1|KAKRP2|KAKRP5|KAKRP7|KAKRP9|KAKRP12
11/18/16 10:28 AM,11/18/16 11:58 AM,KAKRB5,Ahemdabad,SwimmingPool|PetHouse|Garden,Villa|Cottage,20-30,KAKRP2|KAKRP7|KAKRP9|KAKRP17|KAKRP18|KAKRP14
11/20/16 12:28 PM,11/20/16 12:31 PM,KAKRB95,Nasik,3BedRoom|PetHouse|Garden,Villa|Cottage,15-20,KAKRP1|KAKRP3|KAKRP8|KAKRP7|KAKRP10|KAKRP11
11/21/16 01:01 PM,11/21/16 01:08 PM,KAKRB19,Goa,GuestRoom|PetHouse|Garage,Villa|Cottage,40-50,KAKRP3|KAKRP16|KAKRP11|KAKRP13|KAKRP4|KAKRP15
11/21/16 01:38 PM,11/21/16 02:24 PM,KAKRB72,Bangalore,Balcony|Garage|SwimmingPool,Bungalow,15-20,KAKRP1|KAKRP2|KAKRP5|KAKRP7|KAKRP9|KAKRP12
11/22/16 02:54 PM,11/22/16 03:31 PM,KAKRB20,Mumbai,GuestRoom|PetHouse|Garage,Bungalow|Apartment,30-40,KAKRP7|KAKRP12|KAKRP15|KAKRP13|KAKRP11|KAKRP6
11/22/16 04:01 PM,11/22/16 05:30 PM,KAKRB17,Delhi,Balcony|Garage|SwimmingPool,Bungalow|Apartment,40-50,KAKRP2|KAKRP7|KAKRP9|KAKRP17|KAKRP18|KAKRP14
11/23/16 06:00 PM,11/23/16 07:18 PM,KAKRB24,Bangalore,Balcony|Garage|SwimmingPool,Apartment,40-50,KAKRP1|KAKRP2|KAKRP5|KAKRP7|KAKRP9|KAKRP12
11/24/16 07:48 PM,11/24/16 08:39 PM,KAKRB15,Mumbai,3BedRoom|PetHouse|Garden,Apartment|Cottage,15-20,KAKRP7|KAKRP9|KAKRP11|KAKRP15|KAKRP13|KAKRP12
11/24/16 09:09 PM,11/24/16 10:51 PM,KAKRB43,Mumbai,3BedRoom|GuestRoom|SwimmingPool,Apartment,Above 50,KAKRP1|KAKRP2|KAKRP5|KAKRP7|KAKRP9|KAKRP12
11/24/16 11:21 PM,11/25/16 01:17 AM,KAKRB4,Hyderabad,SwimmingPool|PetHouse|Garden,Villa,30-40,KAKRP2|KAKRP7|KAKRP9|KAKRP17|KAKRP18|KAKRP14
11/27/16 01:47 AM,11/27/16 02:03 AM,KAKRB81,Delhi,GuestRoom|PetHouse|Garage,Cottage,10-15,KAKRP3|KAKRP16|KAKRP11|KAKRP13|KAKRP4|KAKRP15
11/28/16 02:33 AM,11/28/16 02:55 AM,KAKRB77,Goa,GuestRoom|PetHouse|Garage,Apartment,20-30,KAKRP4|KAKRP10|KAKRP11|KAKRP18|KAKRP2|KAKRP1
11/29/16 03:25 AM,11/29/16 03:36 AM,KAKRB58,Ahemdabad,Balcony|Garage|SwimmingPool,Bungalow|Apartment,Above 50,KAKRP4|KAKRP6|KAKRP8|KAKRP10|KAKRP9|KAKRP14
12/01/16 04:06 AM,12/01/16 04:24 AM,KAKRB54,Delhi,3BedRoom|PetHouse|Garden,Apartment|Cottage,Above 50,KAKRP1|KAKRP2|KAKRP5|KAKRP7|KAKRP9|KAKRP12
12/03/16 04:54 AM,12/03/16 06:26 AM,KAKRB35,Goa,SwimmingPool|PetHouse|Garden,Bungalow|Apartment,15-20,KAKRP3|KAKRP16|KAKRP11|KAKRP13|KAKRP4|KAKRP15
12/04/16 06:56 AM,12/04/16 07:17 AM,KAKRB22,Goa,3BedRoom|GuestRoom|SwimmingPool,Bungalow|Apartment,40-50,KAKRP2|KAKRP7|KAKRP9|KAKRP17|KAKRP18|KAKRP14
12/06/16 07:47 AM,12/06/16 07:54 AM,KAKRB5,Nasik,SwimmingPool|PetHouse|Garden,Apartment,Above 50,KAKRP1|KAKRP5|KAKRP9|KAKRP12|KAKRP17|KAKRP16
12/08/16 08:24 AM,12/08/16 09:28 AM,KAKRB8,Delhi,3BedRoom|GuestRoom|SwimmingPool,Cottage,10-15,KAKRP1|KAKRP5|KAKRP9|KAKRP12|KAKRP17|KAKRP16
12/08/16 09:58 AM,12/08/16 10:17 AM,KAKRB8,Nasik,Garden|Balcony|PetHouse,Cottage,Above 50,KAKRP1|KAKRP5|KAKRP9|KAKRP12|KAKRP17|KAKRP16
12/08/16 10:47 AM,12/08/16 11:51 AM,KAKRB98,Gurgaon,3BedRoom|GuestRoom|SwimmingPool,Villa|Cottage,20-30,KAKRP7|KAKRP12|KAKRP15|KAKRP13|KAKRP11|KAKRP6
12/08/16 12:21 PM,12/08/16 12:38 PM,KAKRB24,Goa,Garden|Balcony|PetHouse,Bungalow|Villa|Cottage,15-20,KAKRP7|KAKRP9|KAKRP11|KAKRP15|KAKRP13|KAKRP12
12/10/16 01:08 PM,12/10/16 02:26 PM,KAKRB81,Bangalore,SwimmingPool|PetHouse|Garden,Cottage,40-50,KAKRP1|KAKRP3|KAKRP8|KAKRP7|KAKRP10|KAKRP11
12/11/16 02:56 PM,12/11/16 03:05 PM,KAKRB64,Delhi,Balcony|Garage|SwimmingPool,Bungalow,20-30,KAKRP1|KAKRP5|KAKRP9|KAKRP12|KAKRP17|KAKRP16
12/12/16 03:35 PM,12/12/16 05:15 PM,KAKRB44,Hyderabad,GuestRoom|PetHouse|Garage,Apartment|Cottage,10-15,KAKRP7|KAKRP12|KAKRP15|KAKRP13|KAKRP11|KAKRP6
12/14/16 05:45 PM,12/14/16 05:59 PM,KAKRB98,Gurgaon,GuestRoom|PetHouse|Garage,Villa|Cottage,10-15,KAKRP7|KAKRP9|KAKRP11|KAKRP15|KAKRP13|KAKRP12
12/16/16 06:29 PM,12/16/16 07:05 PM,KAKRB57,Gurgaon,GuestRoom|PetHouse|Garage,Cottage,15-20,KAKRP7|KAKRP9|KAKRP11|KAKRP15|KAKRP13|KAKRP12
12/18/16 07:35 PM,12/18/16 07:53 PM,KAKRB87,Bangalore,SwimmingPool|PetHouse|Garden,Bungalow|Apartment,20-30,KAKRP7|KAKRP12|KAKRP15|KAKRP13|KAKRP11|KAKRP6
12/19/16 08:23 PM,12/19/16 09:08 PM,KAKRB45,Nasik,GuestRoom|PetHouse|Garage,Villa|Cottage,15-20,KAKRP4|KAKRP10|KAKRP11|KAKRP18|KAKRP2|KAKRP1
12/20/16 09:38 PM,12/20/16 11:29 PM,KAKRB10,Nasik,3BedRoom|GuestRoom|SwimmingPool,Cottage,10-15,KAKRP1|KAKRP5|KAKRP9|KAKRP12|KAKRP17|KAKRP16
12/20/16 11:59 PM,12/21/16 01:48 AM,KAKRB34,Nasik,GuestRoom|PetHouse|Garage,Cottage,Above 50,KAKRP7|KAKRP12|KAKRP15|KAKRP13|KAKRP11|KAKRP6
12/22/16 02:18 AM,12/22/16 03:46 AM,KAKRB15,Ahemdabad,SwimmingPool|PetHouse|Garden,Bungalow,10-15,KAKRP2|KAKRP7|KAKRP9|KAKRP17|KAKRP18|KAKRP14
12/24/16 04:16 AM,12/24/16 05:29 AM,KAKRB5,Gurgaon,Garden|Balcony|PetHouse,Apartment,15-20,KAKRP4|KAKRP6|KAKRP8|KAKRP10|KAKRP9|KAKRP14
12/26/16 05:59 AM,12/26/16 06:12 AM,KAKRB52,Bangalore,GuestRoom|PetHouse|Garage,Bungalow,10-15,KAKRP4|KAKRP10|KAKRP11|KAKRP18|KAKRP2|KAKRP1
12/28/16 06:42 AM,12/28/16 07:24 AM,KAKRB59,Gurgaon,SwimmingPool|PetHouse|Garden,Villa,15-20,KAKRP4|KAKRP6|KAKRP8|KAKRP10|KAKRP9|KAKRP14
12/29/16 07:54 AM,12/29/16 08:32 AM,KAKRB96,Bangalore,3BedRoom|PetHouse|Garden,Cottage,20-30,KAKRP1|KAKRP3|KAKRP8|KAKRP7|KAKRP10|KAKRP11
12/30/16 09:02 AM,12/30/16 09:48 AM,KAKRB70,Gurgaon,3BedRoom|PetHouse|Garden,Bungalow|Villa|Cottage,40-50,KAKRP2|KAKRP7|KAKRP9|KAKRP17|KAKRP18|KAKRP14
12/30/16 10:18 AM,12/30/16 10:22 AM,KAKRB80,Nasik,SwimmingPool|PetHouse|Garden,Bungalow|Villa|Cottage,15-20,KAKRP2|KAKRP7|KAKRP9|KAKRP17|KAKRP18|KAKRP14
12/31/16 10:52 AM,12/31/16 11:07 AM,KAKRB72,Delhi,SwimmingPool|PetHouse|Garden,Bungalow|Villa|Cottage,15-20,KAKRP4|KAKRP6|KAKRP8|KAKRP10|KAKRP9|KAKRP14
01/02/17 11:37 AM,01/02/17 01:00 PM,KAKRB28,Goa,3BedRoom|PetHouse|Garden,Apartment|Cottage,Above 50,KAKRP4|KAKRP6|KAKRP8|KAKRP10|KAKRP9|KAKRP14
01/02/17 01:30 PM,01/02/17 03:26 PM,KAKRB23,Hyderabad,GuestRoom|PetHouse|Garage,Apartment|Cottage,10-15,KAKRP1|KAKRP2|KAKRP5|KAKRP7|KAKRP9|KAKRP12
01/04/17 03:56 PM,01/04/17 05:50 PM,KAKRB1,Bangalore,Balcony|Garage|SwimmingPool,Cottage,15-20,KAKRP7|KAKRP12|KAKRP15|KAKRP13|KAKRP11|KAKRP6
01/04/17 06:20 PM,01/04/17 08:06 PM,KAKRB52,Mumbai,GuestRoom|PetHouse|Garage,Villa,20-30,KAKRP1|KAKRP5|KAKRP9|KAKRP12|KAKRP17|KAKRP16
01/04/17 08:36 PM,01/04/17 10:33 PM,KAKRB14,Hyderabad,Balcony|Garage|SwimmingPool,Apartment|Cottage,40-50,KAKRP1|KAKRP5|KAKRP9|KAKRP12|KAKRP17|KAKRP16
01/04/17 11:03 PM,01/04/17 11:13 PM,KAKRB78,Cochin,Garden|Balcony|PetHouse,Bungalow|Apartment,10-15,KAKRP3|KAKRP16|KAKRP11|KAKRP13|KAKRP4|KAKRP15
01/05/17 11:43 PM,01/05/17 11:58 PM,KAKRB4,Delhi,Garden|Balcony|PetHouse,Bungalow|Apartment,30-40,KAKRP1|KAKRP3|KAKRP8|KAKRP7|KAKRP10|KAKRP11
01/08/17 12:28 AM,01/08/17 01:09 AM,KAKRB56,Goa,GuestRoom|PetHouse|Garage,Bungalow|Apartment,30-40,KAKRP7|KAKRP12|KAKRP15|KAKRP13|KAKRP11|KAKRP6
01/10/17 01:39 AM,01/10/17 03:22 AM,KAKRB45,Cochin,GuestRoom|PetHouse|Garage,Bungalow,20-30,KAKRP7|KAKRP12|KAKRP15|KAKRP13|KAKRP11|KAKRP6
01/11/17 03:52 AM,01/11/17 04:59 AM,KAKRB69,Delhi,3BedRoom|PetHouse|Garden,Apartment|Cottage,15-20,KAKRP1|KAKRP3|KAKRP8|KAKRP7|KAKRP10|KAKRP11
01/12/17 05:29 AM,01/12/17 05:38 AM,KAKRB55,Gurgaon,3BedRoom|PetHouse|Garden,Cottage,15-20,KAKRP2|KAKRP7|KAKRP9|KAKRP17|KAKRP18|KAKRP14
01/13/17 06:08 AM,01/13/17 07:24 AM,KAKRB58,Cochin,GuestRoom|PetHouse|Garage,Bungalow,15-20,KAKRP7|KAKRP9|KAKRP11|KAKRP15|KAKRP13|KAKRP12
01/13/17 07:54 AM,01/13/17 09:06 AM,KAKRB84,Gurgaon,Balcony|Garage|SwimmingPool,Apartment,40-50,KAKRP3|KAKRP16|KAKRP11|KAKRP13|KAKRP4|KAKRP15
01/14/17 09:36 AM,01/14/17 09:56 AM,KAKRB61,Cochin,3BedRoom|PetHouse|Garden,Apartment,20-30,KAKRP1|KAKRP2|KAKRP5|KAKRP7|KAKRP9|KAKRP12
01/16/17 10:26 AM,01/16/17 11:21 AM,KAKRB26,Delhi,3BedRoom|GuestRoom|SwimmingPool,Bungalow|Apartment,Above 50,KAKRP2|KAKRP7|KAKRP9|KAKRP17|KAKRP18|KAKRP14
01/16/17 11:51 AM,01/16/17 01:32 PM,KAKRB70,Goa,Garden|Balcony|PetHouse,Cottage,10-15,KAKRP2|KAKRP7|KAKRP9|KAKRP17|KAKRP18|KAKRP14
01/17/17 02:02 PM,01/17/17 03:33 PM,KAKRB1,Gurgaon,3BedRoom|GuestRoom|SwimmingPool,Bungalow|Villa|Cottage,20-30,KAKRP1|KAKRP2|KAKRP5|KAKRP7|KAKRP9|KAKRP12
01/19/17 04:03 PM,01/19/17 05:36 PM,KAKRB20,Mumbai,3BedRoom|GuestRoom|SwimmingPool,Villa,30-40,KAKRP1|KAKRP5|KAKRP9|KAKRP12|KAKRP17|KAKRP16
01/20/17 06:06 PM,01/20/17 07:26 PM,KAKRB77,Hyderabad,3BedRoom|PetHouse|Garden,Villa,20-30,KAKRP4|KAKRP6|KAKRP8|KAKRP10|KAKRP9|KAKRP14
01/22/17 07:56 PM,01/22/17 08:55 PM,KAKRB32,Goa,Garden|Balcony|PetHouse,Bungalow,15-20,KAKRP4|KAKRP6|KAKRP8|KAKRP10|KAKRP9|KAKRP14
01/23/17 09:25 PM,01/23/17 10:38 PM,KAKRB30,Delhi,Garden|Balcony|PetHouse,Cottage,15-20,KAKRP2|KAKRP7|KAKRP9|KAKRP17|KAKRP18|KAKRP14
01/25/17 11:08 PM,01/26/17 12:07 AM,KAKRB70,Nasik,Garden|Balcony|PetHouse,Villa,20-30,KAKRP2|KAKRP7|KAKRP9|KAKRP17|KAKRP18|KAKRP14
01/28/17 12:37 AM,01/28/17 01:18 AM,KAKRB85,Nasik,3BedRoom|GuestRoom|SwimmingPool,Cottage,Above 50,KAKRP7|KAKRP12|KAKRP15|KAKRP13|KAKRP11|KAKRP6
01/30/17 01:48 AM,01/30/17 03:41 AM,KAKRB73,Nasik,Balcony|Garage|SwimmingPool,Villa,20-30,KAKRP1|KAKRP3|KAKRP8|KAKRP7|KAKRP10|KAKRP11
01/30/17 04:11 AM,01/30/17 05:41 AM,KAKRB82,Mumbai,3BedRoom|GuestRoom|SwimmingPool,Cottage,40-50,KAKRP3|KAKRP16|KAKRP11|KAKRP13|KAKRP4|KAKRP15
02/01/17 06:11 AM,02/01/17 07:25 AM,KAKRB39,Mumbai,Garden|Balcony|PetHouse,Apartment,10-15,KAKRP1|KAKRP2|KAKRP5|KAKRP7|KAKRP9|KAKRP12
02/03/17 07:55 AM,02/03/17 08:25 AM,KAKRB20,Cochin,GuestRoom|PetHouse|Garage,Cottage,Above 50,KAKRP2|KAKRP7|KAKRP9|KAKRP17|KAKRP18|KAKRP14
02/05/17 08:55 AM,02/05/17 09:55 AM,KAKRB74,Mumbai,Balcony|Garage|SwimmingPool,Bungalow|Apartment,10-15,KAKRP1|KAKRP5|KAKRP9|KAKRP12|KAKRP17|KAKRP16
02/07/17 10:25 AM,02/07/17 11:04 AM,KAKRB2,Cochin,3BedRoom|PetHouse|Garden,Bungalow|Villa|Cottage,Above 50,KAKRP7|KAKRP9|KAKRP11|KAKRP15|KAKRP13|KAKRP12
02/09/17 11:34 AM,02/09/17 12:08 PM,KAKRB15,Goa,SwimmingPool|PetHouse|Garden,Cottage,20-30,KAKRP1|KAKRP2|KAKRP5|KAKRP7|KAKRP9|KAKRP12
02/10/17 12:38 PM,02/10/17 12:51 PM,KAKRB91,Hyderabad,Balcony|Garage|SwimmingPool,Bungalow|Apartment,20-30,KAKRP4|KAKRP10|KAKRP11|KAKRP18|KAKRP2|KAKRP1
02/10/17 01:21 PM,02/10/17 01:28 PM,KAKRB24,Ahemdabad,3BedRoom|PetHouse|Garden,Bungalow|Villa|Cottage,Above 50,KAKRP3|KAKRP16|KAKRP11|KAKRP13|KAKRP4|KAKRP15
02/11/17 01:58 PM,02/11/17 02:15 PM,KAKRB26,Delhi,3BedRoom|GuestRoom|SwimmingPool,Cottage,15-20,KAKRP4|KAKRP6|KAKRP8|KAKRP10|KAKRP9|KAKRP14
02/11/17 02:45 PM,02/11/17 03:34 PM,KAKRB88,Bangalore,3BedRoom|GuestRoom|SwimmingPool,Cottage,40-50,KAKRP7|KAKRP9|KAKRP11|KAKRP15|KAKRP13|KAKRP12
02/11/17 04:04 PM,02/11/17 05:19 PM,KAKRB58,Ahemdabad,GuestRoom|PetHouse|Garage,Bungalow|Villa|Cottage,30-40,KAKRP4|KAKRP10|KAKRP11|KAKRP18|KAKRP2|KAKRP1
02/11/17 05:49 PM,02/11/17 07:18 PM,KAKRB33,Gurgaon,GuestRoom|PetHouse|Garage,Bungalow,40-50,KAKRP7|KAKRP9|KAKRP11|KAKRP15|KAKRP13|KAKRP12
02/13/17 07:48 PM,02/13/17 08:22 PM,KAKRB46,Hyderabad,SwimmingPool|PetHouse|Garden,Bungalow|Apartment,40-50,KAKRP2|KAKRP7|KAKRP9|KAKRP17|KAKRP18|KAKRP14
02/13/17 08:52 PM,02/13/17 09:55 PM,KAKRB37,Bangalore,SwimmingPool|PetHouse|Garden,Cottage,30-40,KAKRP1|KAKRP2|KAKRP5|KAKRP7|KAKRP9|KAKRP12
02/15/17 10:25 PM,02/15/17 11:49 PM,KAKRB53,Cochin,3BedRoom|PetHouse|Garden,Apartment,10-15,KAKRP4|KAKRP10|KAKRP11|KAKRP18|KAKRP2|KAKRP1
02/18/17 12:19 AM,02/18/17 02:18 AM,KAKRB16,Delhi,SwimmingPool|PetHouse|Garden,Villa|Cottage|Apartment,20-30,KAKRP7|KAKRP12|KAKRP15|KAKRP13|KAKRP11|KAKRP6
02/18/17 02:48 AM,02/18/17 03:07 AM,KAKRB81,Ahemdabad,3BedRoom|PetHouse|Garden,Bungalow|Villa|Cottage,15-20,KAKRP7|KAKRP9|KAKRP11|KAKRP15|KAKRP13|KAKRP12
02/19/17 03:37 AM,02/19/17 05:00 AM,KAKRB2,Cochin,Garden|Balcony|PetHouse,Bungalow|Villa|Cottage,15-20,KAKRP3|KAKRP16|KAKRP11|KAKRP13|KAKRP4|KAKRP15
02/19/17 05:30 AM,02/19/17 07:17 AM,KAKRB6,Gurgaon,Garden|Balcony|PetHouse,Bungalow|Apartment,40-50,KAKRP2|KAKRP7|KAKRP9|KAKRP17|KAKRP18|KAKRP14
02/19/17 07:47 AM,02/19/17 09:28 AM,KAKRB3,Cochin,Balcony|Garage|SwimmingPool,Villa|Cottage,40-50,KAKRP1|KAKRP3|KAKRP8|KAKRP7|KAKRP10|KAKRP11
02/19/17 09:58 AM,02/19/17 10:19 AM,KAKRB41,Mumbai,SwimmingPool|PetHouse|Garden,Bungalow|Villa|Cottage,30-40,KAKRP1|KAKRP2|KAKRP5|KAKRP7|KAKRP9|KAKRP12
02/20/17 10:49 AM,02/20/17 12:00 PM,KAKRB24,Goa,Balcony|Garage|SwimmingPool,Villa|Cottage,Above 50,KAKRP4|KAKRP6|KAKRP8|KAKRP10|KAKRP9|KAKRP14
02/22/17 12:30 PM,02/22/17 02:02 PM,KAKRB60,Ahemdabad,3BedRoom|GuestRoom|SwimmingPool,Villa|Cottage,20-30,KAKRP1|KAKRP3|KAKRP8|KAKRP7|KAKRP10|KAKRP11
02/23/17 02:32 PM,02/23/17 04:19 PM,KAKRB54,Mumbai,Garden|Balcony|PetHouse,Bungalow|Villa|Cottage,40-50,KAKRP7|KAKRP12|KAKRP15|KAKRP13|KAKRP11|KAKRP6
02/23/17 04:49 PM,02/23/17 06:49 PM,KAKRB94,Goa,Garden|Balcony|PetHouse,Villa|Cottage|Apartment,40-50,KAKRP7|KAKRP9|KAKRP11|KAKRP15|KAKRP13|KAKRP12
02/25/17 07:19 PM,02/25/17 07:56 PM,KAKRB77,Hyderabad,GuestRoom|PetHouse|Garage,Cottage,10-15,KAKRP3|KAKRP16|KAKRP11|KAKRP13|KAKRP4|KAKRP15
02/25/17 08:26 PM,02/25/17 09:40 PM,KAKRB41,Goa,Garden|Balcony|PetHouse,Villa|Cottage|Apartment,40-50,KAKRP1|KAKRP5|KAKRP9|KAKRP12|KAKRP17|KAKRP16
02/26/17 10:10 PM,02/26/17 11:30 PM,KAKRB38,Ahemdabad,GuestRoom|PetHouse|Garage,Villa|Cottage,30-40,KAKRP7|KAKRP12|KAKRP15|KAKRP13|KAKRP11|KAKRP6
02/27/17 12:00 AM,02/27/17 12:11 AM,KAKRB10,Gurgaon,Garden|Balcony|PetHouse,Apartment|Cottage,30-40,KAKRP4|KAKRP10|KAKRP11|KAKRP18|KAKRP2|KAKRP1
03/01/17 12:41 AM,03/01/17 01:24 AM,KAKRB51,Nasik,SwimmingPool|PetHouse|Garden,Villa|Cottage,10-15,KAKRP4|KAKRP10|KAKRP11|KAKRP18|KAKRP2|KAKRP1
03/03/17 01:54 AM,03/03/17 03:45 AM,KAKRB35,Bangalore,Garden|Balcony|PetHouse,Bungalow|Villa|Cottage,40-50,KAKRP7|KAKRP12|KAKRP15|KAKRP13|KAKRP11|KAKRP6
03/05/17 04:15 AM,03/05/17 04:42 AM,KAKRB56,Nasik,3BedRoom|PetHouse|Garden,Apartment,Above 50,KAKRP1|KAKRP5|KAKRP9|KAKRP12|KAKRP17|KAKRP16
03/07/17 05:12 AM,03/07/17 07:04 AM,KAKRB49,Goa,GuestRoom|PetHouse|Garage,Apartment|Cottage,20-30,KAKRP1|KAKRP5|KAKRP9|KAKRP12|KAKRP17|KAKRP16
03/09/17 07:34 AM,03/09/17 09:21 AM,KAKRB67,Hyderabad,Garden|Balcony|PetHouse,Apartment,Above 50,KAKRP1|KAKRP3|KAKRP8|KAKRP7|KAKRP10|KAKRP11
03/10/17 09:51 AM,03/10/17 11:07 AM,KAKRB29,Nasik,3BedRoom|GuestRoom|SwimmingPool,Apartment|Cottage,Above 50,KAKRP1|KAKRP5|KAKRP9|KAKRP12|KAKRP17|KAKRP16
03/10/17 11:37 AM,03/10/17 01:26 PM,KAKRB60,Ahemdabad,SwimmingPool|PetHouse|Garden,Villa|Cottage,20-30,KAKRP7|KAKRP12|KAKRP15|KAKRP13|KAKRP11|KAKRP6
03/11/17 01:56 PM,03/11/17 03:26 PM,KAKRB11,Bangalore,3BedRoom|PetHouse|Garden,Bungalow,30-40,KAKRP7|KAKRP9|KAKRP11|KAKRP15|KAKRP13|KAKRP12
03/12/17 03:56 PM,03/12/17 04:22 PM,KAKRB68,Delhi,SwimmingPool|PetHouse|Garden,Bungalow|Apartment,40-50,KAKRP1|KAKRP2|KAKRP5|KAKRP7|KAKRP9|KAKRP12
03/12/17 04:52 PM,03/12/17 05:17 PM,KAKRB64,Delhi,SwimmingPool|PetHouse|Garden,Bungalow,15-20,KAKRP1|KAKRP2|KAKRP5|KAKRP7|KAKRP9|KAKRP12
03/12/17 05:47 PM,03/12/17 07:26 PM,KAKRB23,Gurgaon,3BedRoom|PetHouse|Garden,Villa|Cottage,20-30,KAKRP4|KAKRP6|KAKRP8|KAKRP10|KAKRP9|KAKRP14
03/13/17 07:56 PM,03/13/17 08:17 PM,KAKRB86,Gurgaon,SwimmingPool|PetHouse|Garden,Cottage,30-40,KAKRP1|KAKRP2|KAKRP5|KAKRP7|KAKRP9|KAKRP12
03/15/17 08:47 PM,03/15/17 09:20 PM,KAKRB11,Delhi,Garden|Balcony|PetHouse,Bungalow,15-20,KAKRP1|KAKRP2|KAKRP5|KAKRP7|KAKRP9|KAKRP12
03/15/17 09:50 PM,03/15/17 10:39 PM,KAKRB71,Hyderabad,3BedRoom|PetHouse|Garden,Apartment,Above 50,KAKRP4|KAKRP10|KAKRP11|KAKRP18|KAKRP2|KAKRP1
03/17/17 11:09 PM,03/18/17 12:25 AM,KAKRB16,Ahemdabad,3BedRoom|GuestRoom|SwimmingPool,Apartment,30-40,KAKRP2|KAKRP7|KAKRP9|KAKRP17|KAKRP18|KAKRP14
03/20/17 12:55 AM,03/20/17 01:06 AM,KAKRB28,Hyderabad,3BedRoom|PetHouse|Garden,Bungalow,30-40,KAKRP1|KAKRP2|KAKRP5|KAKRP7|KAKRP9|KAKRP12
03/21/17 01:36 AM,03/21/17 03:32 AM,KAKRB95,Ahemdabad,Balcony|Garage|SwimmingPool,Villa|Cottage,15-20,KAKRP4|KAKRP10|KAKRP11|KAKRP18|KAKRP2|KAKRP1
03/21/17 04:02 AM,03/21/17 04:19 AM,KAKRB7,Mumbai,3BedRoom|PetHouse|Garden,Bungalow,Above 50,KAKRP2|KAKRP7|KAKRP9|KAKRP17|KAKRP18|KAKRP14
03/21/17 04:49 AM,03/21/17 05:16 AM,KAKRB98,Gurgaon,Balcony|Garage|SwimmingPool,Villa,40-50,KAKRP1|KAKRP5|KAKRP9|KAKRP12|KAKRP17|KAKRP16
03/22/17 05:46 AM,03/22/17 06:39 AM,KAKRB33,Delhi,GuestRoom|PetHouse|Garage,Apartment|Cottage,30-40,KAKRP1|KAKRP2|KAKRP5|KAKRP7|KAKRP9|KAKRP12
03/24/17 07:09 AM,03/24/17 08:43 AM,KAKRB47,Ahemdabad,Garden|Balcony|PetHouse,Villa|Cottage|Apartment,30-40,KAKRP3|KAKRP16|KAKRP11|KAKRP13|KAKRP4|KAKRP15
03/24/17 09:13 AM,03/24/17 10:39 AM,KAKRB48,Mumbai,3BedRoom|PetHouse|Garden,Bungalow,15-20,KAKRP7|KAKRP12|KAKRP15|KAKRP13|KAKRP11|KAKRP6
03/26/17 11:09 AM,03/26/17 11:57 AM,KAKRB43,Bangalore,SwimmingPool|PetHouse|Garden,Bungalow|Villa|Cottage,20-30,KAKRP2|KAKRP7|KAKRP9|KAKRP17|KAKRP18|KAKRP14
03/27/17 12:27 PM,03/27/17 01:06 PM,KAKRB91,Bangalore,3BedRoom|GuestRoom|SwimmingPool,Villa|Cottage,20-30,KAKRP4|KAKRP6|KAKRP8|KAKRP10|KAKRP9|KAKRP14
03/27/17 01:36 PM,03/27/17 02:42 PM,KAKRB12,Bangalore,SwimmingPool|PetHouse|Garden,Bungalow,40-50,KAKRP3|KAKRP16|KAKRP11|KAKRP13|KAKRP4|KAKRP15
03/27/17 03:12 PM,03/27/17 04:37 PM,KAKRB7,Gurgaon,Garden|Balcony|PetHouse,Apartment|Cottage,Above 50,KAKRP3|KAKRP16|KAKRP11|KAKRP13|KAKRP4|KAKRP15
03/29/17 05:07 PM,03/29/17 07:07 PM,KAKRB8,Nasik,Garden|Balcony|PetHouse,Bungalow|Villa|Cottage,40-50,KAKRP2|KAKRP7|KAKRP9|KAKRP17|KAKRP18|KAKRP14
03/29/17 07:37 PM,03/29/17 09:01 PM,KAKRB30,Delhi,Garden|Balcony|PetHouse,Apartment,20-30,KAKRP7|KAKRP9|KAKRP11|KAKRP15|KAKRP13|KAKRP12
03/29/17 09:31 PM,03/29/17 10:28 PM,KAKRB48,Gurgaon,3BedRoom|GuestRoom|SwimmingPool,Villa|Cottage,20-30,KAKRP7|KAKRP9|KAKRP11|KAKRP15|KAKRP13|KAKRP12
03/31/17 10:58 PM,03/31/17 11:41 PM,KAKRB90,Nasik,GuestRoom|PetHouse|Garage,Apartment|Cottage,10-15,KAKRP1|KAKRP5|KAKRP9|KAKRP12|KAKRP17|KAKRP16
04/02/17 12:11 AM,04/02/17 12:24 AM,KAKRB31,Cochin,3BedRoom|GuestRoom|SwimmingPool,Bungalow,40-50,KAKRP2|KAKRP7|KAKRP9|KAKRP17|KAKRP18|KAKRP14
04/03/17 12:54 AM,04/03/17 02:35 AM,KAKRB7,Delhi,SwimmingPool|PetHouse|Garden,Villa|Cottage,15-20,KAKRP1|KAKRP3|KAKRP8|KAKRP7|KAKRP10|KAKRP11
04/05/17 03:05 AM,04/05/17 03:58 AM,KAKRB7,Bangalore,GuestRoom|PetHouse|Garage,Villa|Cottage|Apartment,40-50,KAKRP4|KAKRP10|KAKRP11|KAKRP18|KAKRP2|KAKRP1
04/05/17 04:28 AM,04/05/17 05:14 AM,KAKRB17,Goa,3BedRoom|PetHouse|Garden,Villa|Cottage,40-50,KAKRP7|KAKRP9|KAKRP11|KAKRP15|KAKRP13|KAKRP12
04/06/17 05:44 AM,04/06/17 06:30 AM,KAKRB80,Cochin,Balcony|Garage|SwimmingPool,Villa,20-30,KAKRP7|KAKRP12|KAKRP15|KAKRP13|KAKRP11|KAKRP6
04/06/17 07:00 AM,04/06/17 07:49 AM,KAKRB93,Delhi,3BedRoom|GuestRoom|SwimmingPool,Villa,40-50,KAKRP7|KAKRP9|KAKRP11|KAKRP15|KAKRP13|KAKRP12
04/06/17 08:19 AM,04/06/17 09:06 AM,KAKRB84,Bangalore,Garden|Balcony|PetHouse,Apartment,30-40,KAKRP2|KAKRP7|KAKRP9|KAKRP17|KAKRP18|KAKRP14
04/07/17 09:36 AM,04/07/17 11:10 AM,KAKRB82,Ahemdabad,Garden|Balcony|PetHouse,Bungalow,15-20,KAKRP2|KAKRP7|KAKRP9|KAKRP17|KAKRP18|KAKRP14
04/09/17 11:40 AM,04/09/17 12:56 PM,KAKRB46,Goa,SwimmingPool|PetHouse|Garden,Apartment|Cottage,15-20,KAKRP4|KAKRP10|KAKRP11|KAKRP18|KAKRP2|KAKRP1
04/10/17 01:26 PM,04/10/17 03:03 PM,KAKRB97,Cochin,3BedRoom|GuestRoom|SwimmingPool,Apartment|Cottage,10-15,KAKRP3|KAKRP16|KAKRP11|KAKRP13|KAKRP4|KAKRP15
04/11/17 03:33 PM,04/11/17 05:10 PM,KAKRB11,Hyderabad,3BedRoom|GuestRoom|SwimmingPool,Apartment|Cottage,Above 50,KAKRP7|KAKRP12|KAKRP15|KAKRP13|KAKRP11|KAKRP6
04/12/17 05:40 PM,04/12/17 07:16 PM,KAKRB18,Gurgaon,Balcony|Garage|SwimmingPool,Bungalow,10-15,KAKRP1|KAKRP2|KAKRP5|KAKRP7|KAKRP9|KAKRP12
04/12/17 07:46 PM,04/12/17 09:39 PM,KAKRB1,Gurgaon,SwimmingPool|PetHouse|Garden,Bungalow|Villa|Cottage,40-50,KAKRP3|KAKRP16|KAKRP11|KAKRP13|KAKRP4|KAKRP15
04/12/17 10:09 PM,04/12/17 11:05 PM,KAKRB49,Hyderabad,3BedRoom|GuestRoom|SwimmingPool,Bungalow|Apartment,20-30,KAKRP1|KAKRP2|KAKRP5|KAKRP7|KAKRP9|KAKRP12
04/14/17 11:35 PM,04/14/17 11:51 PM,KAKRB78,Bangalore,3BedRoom|GuestRoom|SwimmingPool,Bungalow|Villa|Cottage,40-50,KAKRP7|KAKRP12|KAKRP15|KAKRP13|KAKRP11|KAKRP6
04/17/17 12:21 AM,04/17/17 01:21 AM,KAKRB6,Mumbai,Balcony|Garage|SwimmingPool,Bungalow|Apartment,Above 50,KAKRP1|KAKRP2|KAKRP5|KAKRP7|KAKRP9|KAKRP12
04/17/17 01:51 AM,04/17/17 03:04 AM,KAKRB5,Hyderabad,3BedRoom|GuestRoom|SwimmingPool,Cottage,20-30,KAKRP1|KAKRP3|KAKRP8|KAKRP7|KAKRP10|KAKRP11
04/19/17 03:34 AM,04/19/17 05:04 AM,KAKRB95,Hyderabad,SwimmingPool|PetHouse|Garden,Bungalow|Apartment,15-20,KAKRP1|KAKRP3|KAKRP8|KAKRP7|KAKRP10|KAKRP11
04/20/17 05:34 AM,04/20/17 06:58 AM,KAKRB18,Ahemdabad,SwimmingPool|PetHouse|Garden,Villa|Cottage|Apartment,30-40,KAKRP4|KAKRP10|KAKRP11|KAKRP18|KAKRP2|KAKRP1
04/20/17 07:28 AM,04/20/17 09:04 AM,KAKRB69,Hyderabad,GuestRoom|PetHouse|Garage,Apartment,Above 50,KAKRP1|KAKRP2|KAKRP5|KAKRP7|KAKRP9|KAKRP12
04/21/17 09:34 AM,04/21/17 10:48 AM,KAKRB4,Nasik,GuestRoom|PetHouse|Garage,Bungalow|Apartment,10-15,KAKRP1|KAKRP2|KAKRP5|KAKRP7|KAKRP9|KAKRP12
04/23/17 11:18 AM,04/23/17 01:13 PM,KAKRB44,Nasik,GuestRoom|PetHouse|Garage,Bungalow,30-40,KAKRP4|KAKRP6|KAKRP8|KAKRP10|KAKRP9|KAKRP14
04/23/17 01:43 PM,04/23/17 02:52 PM,KAKRB91,Ahemdabad,3BedRoom|GuestRoom|SwimmingPool,Villa|Cottage|Apartment,10-15,KAKRP4|KAKRP6|KAKRP8|KAKRP10|KAKRP9|KAKRP14
04/24/17 03:22 PM,04/24/17 03:23 PM,KAKRB9,Mumbai,SwimmingPool|PetHouse|Garden,Bungalow,30-40,KAKRP1|KAKRP3|KAKRP8|KAKRP7|KAKRP10|KAKRP11
04/24/17 03:53 PM,04/24/17 04:30 PM,KAKRB31,Cochin,GuestRoom|PetHouse|Garage,Apartment,15-20,KAKRP2|KAKRP7|KAKRP9|KAKRP17|KAKRP18|KAKRP14
04/24/17 05:00 PM,04/24/17 05:51 PM,KAKRB36,Cochin,GuestRoom|PetHouse|Garage,Villa|Cottage|Apartment,20-30,KAKRP7|KAKRP12|KAKRP15|KAKRP13|KAKRP11|KAKRP6
04/24/17 06:21 PM,04/24/17 07:10 PM,KAKRB54,Goa,GuestRoom|PetHouse|Garage,Villa|Cottage|Apartment,Above 50,KAKRP2|KAKRP7|KAKRP9|KAKRP17|KAKRP18|KAKRP14
04/26/17 07:40 PM,04/26/17 09:36 PM,KAKRB63,Gurgaon,Garden|Balcony|PetHouse,Villa|Cottage,20-30,KAKRP7|KAKRP12|KAKRP15|KAKRP13|KAKRP11|KAKRP6
04/26/17 10:06 PM,04/26/17 11:48 PM,KAKRB99,Cochin,3BedRoom|PetHouse|Garden,Cottage,20-30,KAKRP3|KAKRP16|KAKRP11|KAKRP13|KAKRP4|KAKRP15
04/28/17 12:18 AM,04/28/17 01:23 AM,KAKRB68,Mumbai,Garden|Balcony|PetHouse,Villa,10-15,KAKRP2|KAKRP7|KAKRP9|KAKRP17|KAKRP18|KAKRP14
04/30/17 01:53 AM,04/30/17 02:25 AM,KAKRB9,Nasik,SwimmingPool|PetHouse|Garden,Cottage,10-15,KAKRP4|KAKRP6|KAKRP8|KAKRP10|KAKRP9|KAKRP14
05/02/17 02:55 AM,05/02/17 04:49 AM,KAKRB99,Cochin,SwimmingPool|PetHouse|Garden,Villa|Cottage|Apartment,Above 50,KAKRP2|KAKRP7|KAKRP9|KAKRP17|KAKRP18|KAKRP14
05/04/17 05:19 AM,05/04/17 06:08 AM,KAKRB30,Bangalore,3BedRoom|PetHouse|Garden,Villa|Cottage|Apartment,Above 50,KAKRP1|KAKRP3|KAKRP8|KAKRP7|KAKRP10|KAKRP11
05/05/17 06:38 AM,05/05/17 08:22 AM,KAKRB67,Cochin,GuestRoom|PetHouse|Garage,Apartment,15-20,KAKRP4|KAKRP10|KAKRP11|KAKRP18|KAKRP2|KAKRP1
05/06/17 08:52 AM,05/06/17 09:04 AM,KAKRB65,Bangalore,3BedRoom|GuestRoom|SwimmingPool,Bungalow|Villa|Cottage,15-20,KAKRP3|KAKRP16|KAKRP11|KAKRP13|KAKRP4|KAKRP15
05/08/17 09:34 AM,05/08/17 09:56 AM,KAKRB68,Ahemdabad,3BedRoom|PetHouse|Garden,Apartment,15-20,KAKRP1|KAKRP5|KAKRP9|KAKRP12|KAKRP17|KAKRP16
05/09/17 10:26 AM,05/09/17 10:30 AM,KAKRB17,Ahemdabad,Balcony|Garage|SwimmingPool,Villa|Cottage|Apartment,10-15,KAKRP4|KAKRP6|KAKRP8|KAKRP10|KAKRP9|KAKRP14
05/11/17 11:00 AM,05/11/17 11:47 AM,KAKRB27,Cochin,3BedRoom|PetHouse|Garden,Cottage,30-40,KAKRP7|KAKRP9|KAKRP11|KAKRP15|KAKRP13|KAKRP12
05/13/17 12:17 PM,05/13/17 02:17 PM,KAKRB89,Hyderabad,3BedRoom|GuestRoom|SwimmingPool,Apartment|Cottage,Above 50,KAKRP7|KAKRP9|KAKRP11|KAKRP15|KAKRP13|KAKRP12
05/13/17 02:47 PM,05/13/17 04:14 PM,KAKRB64,Nasik,GuestRoom|PetHouse|Garage,Apartment,10-15,KAKRP1|KAKRP3|KAKRP8|KAKRP7|KAKRP10|KAKRP11
05/14/17 04:44 PM,05/14/17 04:48 PM,KAKRB27,Gurgaon,GuestRoom|PetHouse|Garage,Bungalow|Villa|Cottage,15-20,KAKRP7|KAKRP12|KAKRP15|KAKRP13|KAKRP11|KAKRP6
05/15/17 05:18 PM,05/15/17 06:33 PM,KAKRB43,Goa,SwimmingPool|PetHouse|Garden,Villa|Cottage,15-20,KAKRP3|KAKRP16|KAKRP11|KAKRP13|KAKRP4|KAKRP15
05/15/17 07:03 PM,05/15/17 07:40 PM,KAKRB78,Delhi,3BedRoom|PetHouse|Garden,Villa,30-40,KAKRP7|KAKRP9|KAKRP11|KAKRP15|KAKRP13|KAKRP12
05/17/17 08:10 PM,05/17/17 09:24 PM,KAKRB83,Delhi,Balcony|Garage|SwimmingPool,Villa,20-30,KAKRP4|KAKRP6|KAKRP8|KAKRP10|KAKRP9|KAKRP14
05/18/17 09:54 PM,05/18/17 10:10 PM,KAKRB47,Bangalore,3BedRoom|GuestRoom|SwimmingPool,Apartment|Cottage,Above 50,KAKRP4|KAKRP10|KAKRP11|KAKRP18|KAKRP2|KAKRP1
05/18/17 10:40 PM,05/19/17 12:01 AM,KAKRB20,Bangalore,3BedRoom|PetHouse|Garden,Bungalow,40-50,KAKRP7|KAKRP12|KAKRP15|KAKRP13|KAKRP11|KAKRP6
05/21/17 12:31 AM,05/21/17 02:02 AM,KAKRB30,Mumbai,Garden|Balcony|PetHouse,Villa|Cottage,Above 50,KAKRP1|KAKRP3|KAKRP8|KAKRP7|KAKRP10|KAKRP11
05/22/17 02:32 AM,05/22/17 02:40 AM,KAKRB84,Bangalore,3BedRoom|GuestRoom|SwimmingPool,Villa,10-15,KAKRP1|KAKRP5|KAKRP9|KAKRP12|KAKRP17|KAKRP16
05/22/17 03:10 AM,05/22/17 04:48 AM,KAKRB88,Nasik,GuestRoom|PetHouse|Garage,Villa,Above 50,KAKRP2|KAKRP7|KAKRP9|KAKRP17|KAKRP18|KAKRP14
05/23/17 05:18 AM,05/23/17 06:13 AM,KAKRB81,Nasik,SwimmingPool|PetHouse|Garden,Villa|Cottage|Apartment,30-40,KAKRP4|KAKRP6|KAKRP8|KAKRP10|KAKRP9|KAKRP14
05/24/17 06:43 AM,05/24/17 08:12 AM,KAKRB58,Cochin,GuestRoom|PetHouse|Garage,Villa|Cottage,40-50,KAKRP7|KAKRP12|KAKRP15|KAKRP13|KAKRP11|KAKRP6
05/25/17 08:42 AM,05/25/17 09:36 AM,KAKRB21,Ahemdabad,Balcony|Garage|SwimmingPool,Villa|Cottage|Apartment,15-20,KAKRP1|KAKRP3|KAKRP8|KAKRP7|KAKRP10|KAKRP11
05/25/17 10:06 AM,05/25/17 11:17 AM,KAKRB62,Hyderabad,SwimmingPool|PetHouse|Garden,Cottage,10-15,KAKRP1|KAKRP3|KAKRP8|KAKRP7|KAKRP10|KAKRP11
05/25/17 11:47 AM,05/25/17 01:13 PM,KAKRB53,Bangalore,3BedRoom|GuestRoom|SwimmingPool,Cottage,10-15,KAKRP4|KAKRP6|KAKRP8|KAKRP10|KAKRP9|KAKRP14
05/25/17 01:43 PM,05/25/17 03:31 PM,KAKRB78,Nasik,Garden|Balcony|PetHouse,Villa,40-50,KAKRP3|KAKRP16|KAKRP11|KAKRP13|KAKRP4|KAKRP15
05/26/17 04:01 PM,05/26/17 05:24 PM,KAKRB49,Hyderabad,3BedRoom|GuestRoom|SwimmingPool,Villa,15-20,KAKRP2|KAKRP7|KAKRP9|KAKRP17|KAKRP18|KAKRP14
05/26/17 05:54 PM,05/26/17 06:15 PM,KAKRB73,Cochin,Garden|Balcony|PetHouse,Bungalow|Apartment,Above 50,KAKRP2|KAKRP7|KAKRP9|KAKRP17|KAKRP18|KAKRP14
05/28/17 06:45 PM,05/28/17 08:22 PM,KAKRB73,Delhi,3BedRoom|GuestRoom|SwimmingPool,Cottage,10-15,KAKRP3|KAKRP16|KAKRP11|KAKRP13|KAKRP4|KAKRP15
05/29/17 08:52 PM,05/29/17 09:32 PM,KAKRB73,Nasik,3BedRoom|GuestRoom|SwimmingPool,Villa,Above 50,KAKRP3|KAKRP16|KAKRP11|KAKRP13|KAKRP4|KAKRP15
05/31/17 10:02 PM,05/31/17 11:00 PM,KAKRB9,Bangalore,3BedRoom|PetHouse|Garden,Bungalow,Above 50,KAKRP1|KAKRP2|KAKRP5|KAKRP7|KAKRP9|KAKRP12
06/01/17 11:30 PM,06/01/17 11:33 PM,KAKRB96,Hyderabad,3BedRoom|PetHouse|Garden,Villa|Cottage,15-20,KAKRP7|KAKRP9|KAKRP11|KAKRP15|KAKRP13|KAKRP12
06/03/17 12:03 AM,06/03/17 12:39 AM,KAKRB82,Nasik,Garden|Balcony|PetHouse,Bungalow|Apartment,10-15,KAKRP7|KAKRP9|KAKRP11|KAKRP15|KAKRP13|KAKRP12
06/05/17 01:09 AM,06/05/17 02:42 AM,KAKRB48,Hyderabad,SwimmingPool|PetHouse|Garden,Apartment|Cottage,10-15,KAKRP1|KAKRP3|KAKRP8|KAKRP7|KAKRP10|KAKRP11
06/07/17 03:12 AM,06/07/17 04:42 AM,KAKRB91,Ahemdabad,GuestRoom|PetHouse|Garage,Apartment,Above 50,KAKRP3|KAKRP16|KAKRP11|KAKRP13|KAKRP4|KAKRP15
06/09/17 05:12 AM,06/09/17 06:43 AM,KAKRB70,Hyderabad,SwimmingPool|PetHouse|Garden,Bungalow|Villa|Cottage,15-20,KAKRP4|KAKRP6|KAKRP8|KAKRP10|KAKRP9|KAKRP14
06/11/17 07:13 AM,06/11/17 08:58 AM,KAKRB28,Gurgaon,3BedRoom|GuestRoom|SwimmingPool,Villa,20-30,KAKRP3|KAKRP16|KAKRP11|KAKRP13|KAKRP4|KAKRP15
