PropertyID,AddedBy,Location,Lat,Long,Sold,MarketPrice,BankPrice,LikedByUsers,SearchedByUsers,NumberOfTimesSearched,RemovedFromLike,UsersTakenAction,BankCertification,Size,NumberOfFeatures,ProperttyType,PropertyFeatures
KAKRP1,KAKRS1,Udyog Vihar,28.498414,77.084925,Y,1800000,1694171,33,70,455,12,0,N,140.701223653014,7,Villa,Balcony|Garage|SwimmingPool
KAKRP2,KAKRS2,DLF Cybercity,28.49539,77.088467,N,2842983,2500000,4,62,443,4,0,Y,102.323378656567,9,Apartment,SwimmingPool|PetHouse|Garden
KAKRP3,KAKRS1,Koramangla,12.927923,77.627108,N,2934234,2576238,29,32,492,6,5,Y,84.0367030756814,4,Bungalow,3BedRoom|GuestRoom|SwimmingPool
KAKRP4,KAKRS1,Dwarka Sector 21,28.552322,77.058383,Y,4300000,4073497,18,26,487,14,9,N,147.977512044215,2,Cottage,GuestRoom|PetHouse|Garage
KAKRP5,KAKRS1,Barakhamba Road,28.629907,77.224159,N,1745874,1660521,5,28,382,11,13,Y,116.698190446771,9,Bungalow,Garden|Balcony|PetHouse
KAKRP6,KAKRS1,Pragati Maidan,28.616699,77.243601,N,2834340,2549713,22,86,173,1,10,Y,139.325752807374,10,Apartment,Garden|Balcony|PetHouse
KAKRP7,KAKRS1,Jayanagar,12.925007,77.593803,Y,4895000,4671721,3,11,239,20,13,N,170.697286614233,6,Apartment,3BedRoom|GuestRoom|SwimmingPool
KAKRP8,KAKRS1,Belndur,12.926031,77.676246,N,2798345,2781208,43,97,470,15,14,N,146.228488697675,3,Bungalow,GuestRoom|PetHouse|Garage
KAKRP9,KAKRS1,HSR Layout,12.908136,77.647608,N,6553511,6053511,3,29,447,6,5,N,100.152873471892,10,Villa,SwimmingPool|PetHouse|Garden
KAKRP10,KAKRS1,Ring Road,13.027935,77.632167,N,1800528,1500528,35,55,463,14,15,Y,91.6178650927361,11,Cottage,Balcony|Garage|SwimmingPool
KAKRP11,KAKRS1,Church Gate,18.932245,72.826438,N,4298540,3857037,10,45,466,14,4,Y,143.0617336801,4,Cottage,Balcony|Garage|SwimmingPool
KAKRP12,KAKRS1,Marine Drive,18.943071,72.823064,Y,2692346,2690632,16,17,58,0,9,Y,96.1502948446179,11,Bungalow,Balcony|Garage|SwimmingPool
KAKRP13,KAKRS1,Bandra,19.060692,72.83625,Y,7334980,7090853,43,79,56,20,2,Y,184.84928204711,10,Apartment,Garden|Balcony|PetHouse
KAKRP14,KAKRS1,Barakhamba Road,28.629907,77.224159,N,2000000,1938106,3,47,95,18,15,Y,147.062527809558,3,Bungalow,SwimmingPool|PetHouse|Garden
KAKRP15,KAKRS1,Belndur,12.926031,77.676246,N,4734589,4390871,45,52,431,14,14,Y,129.454589483118,8,Cottage,SwimmingPool|PetHouse|Garden
KAKRP16,KAKRS1,DLF Cybercity,28.49539,77.088467,N,5003438,5103438,31,94,498,10,7,Y,135.640645967969,10,Apartment,3BedRoom|GuestRoom|SwimmingPool
KAKRP17,KAKRS1,Udyog Vihar,28.498414,77.084925,N,2978195,2878195,1,1,331,13,5,N,161.434089309709,7,Bungalow,Balcony|Garage|SwimmingPool
KAKRP18,KAKRS1,Ring Road,13.027935,77.632167,Y,9289450,9577572,11,20,98,6,8,Y,93.3863564245725,11,Bungalow,Balcony|Garage|SwimmingPool
KAKRP19,KAKRS2,HSR Layout,12.908136,77.647608,N,9282880,9082880,49,49,242,5,3,N,181.527785216346,5,Villa,3BedRoom|GuestRoom|SwimmingPool
KAKRP20,KAKRS2,Barakhamba Road,28.629907,77.224159,Y,1798450,1492350,37,67,200,13,4,N,91.1448658196426,6,Cottage,3BedRoom|PetHouse|Garden
KAKRP21,KAKRS2,Dwarka Sector 21,28.552322,77.058383,N,3423484,3723484,31,37,235,20,10,Y,108.893069849739,3,Cottage,3BedRoom|PetHouse|Garden
KAKRP22,KAKRS2,DLF Cybercity,28.49539,77.088467,Y,9392980,9306076,26,59,79,10,7,N,171.172803176417,8,Bungalow,SwimmingPool|PetHouse|Garden
KAKRP23,KAKRS3,Pragati Maidan,28.616699,77.243601,N,2865456,2383906,13,27,334,16,14,N,162.401499812943,2,Villa,3BedRoom|GuestRoom|SwimmingPool
KAKRP24,KAKRS3,Pragati Maidan,28.616699,77.243601,N,6322359,6028379,36,44,111,17,10,N,124.401865499534,12,Villa,Garden|Balcony|PetHouse
KAKRP25,KAKRS3,Malviya Nagar,28.53352,77.210886,N,4979311,4779771,19,80,427,0,0,N,103.829899266926,3,Cottage,GuestRoom|PetHouse|Garage
KAKRP26,KAKRS3,Faridabad,28.408912,77.317789,Y,2600000,2581193,34,99,264,2,15,N,113.225869441301,10,Villa,3BedRoom|GuestRoom|SwimmingPool
KAKRP27,KAKRS3,HUDA City Centre,28.459269,77.072419,N,4906308,4706308,4,6,496,0,2,Y,75.356647315005,2,Villa,Garden|Balcony|PetHouse
KAKRP28,KAKRS3,Indirapuram,28.641485,77.371386,Y,6198489,5600491,22,97,389,18,4,N,110.805477735048,7,Bungalow,3BedRoom|PetHouse|Garden
KAKRP29,KAKRS3,Rhotak,28.895515,76.606611,N,1898458,1272446,12,16,61,8,9,N,169.044016246351,8,Bungalow,GuestRoom|PetHouse|Garage
KAKRP30,KAKRS2,Hissar,29.149188,75.721653,N,5524421,5325416,42,51,248,3,11,Y,104.421693060179,11,Bungalow,3BedRoom|GuestRoom|SwimmingPool
KAKRP31,KAKRS2,Faridabad,28.408912,77.317789,N,4973430,4871160,10,31,241,13,10,Y,94.7459753289622,3,Cottage,Garden|Balcony|PetHouse
KAKRP32,KAKRS3,Indirapuram,28.641485,77.371386,Y,7845678,7759879,43,55,304,8,9,N,115.556224689913,6,Cottage,3BedRoom|PetHouse|Garden
KAKRP33,KAKRS3,Hissar,29.149188,75.721653,N,1785653,1634223,2,80,481,7,7,Y,78.5810706627399,8,Apartment,GuestRoom|PetHouse|Garage
KAKRP34,KAKRS3,Dwarka Sector 21,28.552322,77.058383,Y,3767894,3671060,44,79,180,1,3,N,85.1826586380366,8,Cottage,3BedRoom|PetHouse|Garden
KAKRP35,KAKRS3,Hissar,29.149188,75.721653,N,2643059,2553134,31,47,303,2,14,Y,172.397066226477,2,Apartment,3BedRoom|GuestRoom|SwimmingPool
KAKRP36,KAKRS3,Indirapuram,28.641485,77.371386,N,6628561,6328561,13,20,80,12,12,N,127.435603832086,4,Bungalow,GuestRoom|PetHouse|Garage
KAKRP37,KAKRS3,HUDA City Centre,28.459269,77.072419,Y,2999999,5448643,29,88,48,8,9,Y,79.2678196248291,11,Villa,3BedRoom|GuestRoom|SwimmingPool
KAKRP38,KAKRS1,Malviya Nagar,28.53352,77.210886,N,5364910,5164910,42,57,101,18,0,N,160.824502956515,11,Cottage,SwimmingPool|PetHouse|Garden
KAKRP39,KAKRS1,Church Gate,18.932245,72.826438,Y,1953685,1913355,34,81,96,0,12,N,156.151133223786,10,Villa,Garden|Balcony|PetHouse
KAKRP40,KAKRS1,Jayanagar,12.925007,77.593803,N,3094047,3992342,3,38,77,9,2,N,161.518661699398,4,Bungalow,SwimmingPool|PetHouse|Garden
KAKRP41,KAKRS1,Ring Road,13.027935,77.632167,Y,9042352,8853751,22,49,471,20,13,Y,112.393952426979,5,Villa,3BedRoom|GuestRoom|SwimmingPool
KAKRP42,KAKRS1,Hissar,29.149188,75.721653,N,5932582,5346782,42,94,74,12,0,N,106.375270195936,5,Villa,GuestRoom|PetHouse|Garage
KAKRP43,KAKRS1,Rhotak,28.895515,76.606611,N,1800000,1611470,27,64,217,6,4,N,107.887929670834,10,Cottage,SwimmingPool|PetHouse|Garden
KAKRP44,KAKRS1,Dwarka Sector 21,28.552322,77.058383,N,2588057,2653225,21,4,222,12,1,N,138.438784952563,3,Cottage,3BedRoom|PetHouse|Garden
KAKRP45,KAKRS1,HSR Layout,12.908136,77.647608,N,6821205,6135789,42,49,171,4,9,N,88.2637277200688,3,Apartment,3BedRoom|GuestRoom|SwimmingPool
KAKRP46,KAKRS1,Udyog Vihar,28.498414,77.084925,Y,4635245,3644581,12,73,206,17,12,Y,170.514875591465,3,Villa,3BedRoom|PetHouse|Garden
KAKRP47,KAKRS1,Malviya Nagar,28.53352,77.210886,N,1732556,1532110,14,61,218,5,3,Y,183.057794041747,9,Bungalow,SwimmingPool|PetHouse|Garden
KAKRP48,KAKRS1,Bandra,19.060692,72.83625,N,6225743,5717766,11,74,209,5,12,Y,143.255511020264,12,Villa,SwimmingPool|PetHouse|Garden
KAKRP49,KAKRS1,Faridabad,28.408912,77.317789,Y,2890435,2265386,4,29,475,20,14,Y,113.897254366662,3,Villa,3BedRoom|GuestRoom|SwimmingPool
KAKRP50,KAKRS3,Koramangla,12.927923,77.627108,N,5630700,5555323,45,79,154,18,14,Y,110.108519466227,3,Cottage,Balcony|Garage|SwimmingPool
KAKRP51,KAKRS3,Belndur,12.926031,77.676246,N,1912156,1812153,31,34,137,9,15,N,145.416505665458,12,Villa,3BedRoom|PetHouse|Garden
KAKRP52,KAKRS3,HSR Layout,12.908136,77.647608,N,6247982,6237884,5,41,495,14,7,N,153.522537955814,7,Villa,Garden|Balcony|PetHouse
KAKRP53,KAKRS3,Ring Road,13.027935,77.632167,Y,6789980,6489980,47,55,351,16,8,N,151.189580741247,12,Villa,GuestRoom|PetHouse|Garage
KAKRP54,KAKRS3,Church Gate,18.932245,72.826438,N,0,3665331,20,98,64,6,1,N,150.079789075352,8,Villa,Garden|Balcony|PetHouse
KAKRP55,KAKRS2,Marine Drive,18.943071,72.823064,Y,5434567,6002762,15,28,41,0,6,Y,135.93209472088,2,Bungalow,Garden|Balcony|PetHouse
KAKRP56,KAKRS2,Bandra,19.060692,72.83625,Y,2787211,2992389,45,93,388,18,5,Y,127.080211598923,10,Cottage,GuestRoom|PetHouse|Garage
KAKRP57,KAKRS2,Barakhamba Road,28.629907,77.224159,N,5943960,6245953,19,12,493,17,8,Y,127.585673945632,5,Bungalow,GuestRoom|PetHouse|Garage
KAKRP58,KAKRS2,Belndur,12.926031,77.676246,N,1683826,1983826,29,94,154,15,14,N,90.6130394040807,5,Cottage,Garden|Balcony|PetHouse
KAKRP59,KAKRS4,DLF Cybercity,28.49539,77.088467,N,4938914,5838914,14,17,344,13,5,N,152.939401137539,2,Bungalow,Balcony|Garage|SwimmingPool
KAKRP60,KAKRS4,Udyog Vihar,28.498414,77.084925,Y,6744345,9102083,11,17,443,1,3,N,180.57087336898,4,Apartment,Garden|Balcony|PetHouse
KAKRP61,KAKRS4,Ring Road,13.027935,77.632167,N,4473651,4173651,15,22,107,8,3,Y,178.725900300189,10,Villa,3BedRoom|GuestRoom|SwimmingPool
KAKRP62,KAKRS4,HSR Layout,12.908136,77.647608,N,6396418,6096418,41,77,465,16,9,N,179.067015521235,11,Apartment,3BedRoom|PetHouse|Garden
KAKRP63,KAKRS4,Barakhamba Road,28.629907,77.224159,N,1579989,1841079,18,56,41,17,1,Y,77.8799762829261,6,Bungalow,GuestRoom|PetHouse|Garage
KAKRP64,KAKRS1,Dwarka Sector 21,28.552322,77.058383,N,7460567,7260567,10,38,476,10,9,Y,154.388923969392,8,Cottage,GuestRoom|PetHouse|Garage
KAKRP65,KAKRS1,DLF Cybercity,28.49539,77.088467,Y,7853456,8089616,28,67,402,15,11,Y,116.069855640761,8,Apartment,Balcony|Garage|SwimmingPool
KAKRP66,KAKRS1,Pragati Maidan,28.616699,77.243601,Y,8943546,9243546,2,9,61,0,10,Y,96.1713877629702,2,Apartment,Garden|Balcony|PetHouse
KAKRP67,KAKRS1,Pragati Maidan,28.616699,77.243601,N,1983451,1785551,7,93,38,11,10,Y,101.262564522455,5,Apartment,Balcony|Garage|SwimmingPool
KAKRP68,KAKRS1,Malviya Nagar,28.53352,77.210886,Y,5643234,5632589,24,71,81,19,7,N,118.453736913135,5,Apartment,3BedRoom|PetHouse|Garden
KAKRP69,KAKRS1,Faridabad,28.408912,77.317789,N,2549716,2749716,4,82,87,19,5,N,109.773488465515,10,Apartment,GuestRoom|PetHouse|Garage
KAKRP70,KAKRS1,Indirapuram,28.641485,77.371386,N,8023593,7213293,3,7,228,13,7,Y,171.069715703698,7,Cottage,3BedRoom|GuestRoom|SwimmingPool
KAKRP71,KAKRS4,HUDA City Centre,28.459269,77.072419,Y,9675432,9375432,10,93,272,8,15,Y,135.641931176078,9,Bungalow,SwimmingPool|PetHouse|Garden
KAKRP72,KAKRS4,Malviya Nagar,28.53352,77.210886,N,0,6605116,9,13,372,4,12,Y,102.550394444944,8,Cottage,3BedRoom|PetHouse|Garden
KAKRP73,KAKRS4,Church Gate,18.932245,72.826438,N,0,9751144,12,25,498,0,10,Y,100.884651250606,9,Villa,SwimmingPool|PetHouse|Garden
KAKRP74,KAKRS4,Jayanagar,12.925007,77.593803,N,0,3580068,28,93,427,8,6,Y,136.383043943523,6,Apartment,Balcony|Garage|SwimmingPool
KAKRP75,KAKRS4,Ring Road,13.027935,77.632167,Y,7432567,7476991,11,13,31,5,7,Y,134.94395540684,9,Apartment,Balcony|Garage|SwimmingPool
KAKRP76,KAKRS4,Hissar,29.149188,75.721653,N,1932316,1732316,21,24,361,4,3,N,116.947208350161,8,Bungalow,Garden|Balcony|PetHouse
KAKRP77,KAKRS4,Rhotak,28.895515,76.606611,N,5560353,4770353,17,50,315,7,14,Y,98.7838837672899,4,Apartment,GuestRoom|PetHouse|Garage
KAKRP78,KAKRS4,Dwarka Sector 21,28.552322,77.058383,Y,8653422,9360311,21,28,84,11,3,N,149.863073419655,6,Bungalow,Garden|Balcony|PetHouse
KAKRP79,KAKRS4,HSR Layout,12.908136,77.647608,N,1744993,1643495,20,92,272,4,5,Y,129.288150439777,7,Villa,Balcony|Garage|SwimmingPool
KAKRP80,KAKRS4,Udyog Vihar,28.498414,77.084925,N,2084038,2084038,29,85,436,5,5,N,176.101223678603,5,Bungalow,Garden|Balcony|PetHouse
KAKRP81,KAKRS4,Malviya Nagar,28.53352,77.210886,Y,9565646,9168382,6,34,324,15,1,N,151.825462362475,11,Cottage,3BedRoom|PetHouse|Garden
KAKRP82,KAKRS4,Bandra,19.060692,72.83625,N,6977565,6934535,2,68,488,17,12,Y,172.327217735639,9,Apartment,3BedRoom|PetHouse|Garden
KAKRP83,KAKRS4,Faridabad,28.408912,77.317789,Y,1553435,1518378,5,37,118,16,15,N,143.600928501971,5,Apartment,Garden|Balcony|PetHouse
KAKRP84,KAKRS4,Koramangla,12.927923,77.627108,Y,8934234,9921458,5,12,324,11,3,N,145.531830929799,9,Bungalow,3BedRoom|GuestRoom|SwimmingPool
KAKRP85,KAKRS4,Belndur,12.926031,77.676246,N,5882379,5882379,6,54,280,5,2,Y,137.568899640425,10,Cottage,3BedRoom|PetHouse|Garden
KAKRP86,KAKRS4,HSR Layout,12.908136,77.647608,Y,1964674,1293077,29,55,319,17,5,N,132.117766564815,10,Villa,3BedRoom|PetHouse|Garden
KAKRP87,KAKRS4,Ring Road,13.027935,77.632167,N,6960818,6460818,46,60,497,1,5,N,181.839653369194,4,Bungalow,Balcony|Garage|SwimmingPool
KAKRP88,KAKRS4,Church Gate,18.932245,72.826438,Y,8945435,8619325,13,100,113,13,9,N,158.483590698402,11,Cottage,3BedRoom|GuestRoom|SwimmingPool
KAKRP89,KAKRS4,Udyog Vihar,28.498414,77.084925,N,5533235,5533235,29,94,238,19,1,Y,94.5388539352745,10,Villa,3BedRoom|GuestRoom|SwimmingPool
KAKRP90,KAKRS1,DLF Cybercity,28.49539,77.088467,Y,1734566,1700000,3,11,243,1,11,Y,81.2757681740721,4,Apartment,Garden|Balcony|PetHouse
KAKRP91,KAKRS1,Koramangla,12.927923,77.627108,N,5314176,5314176,4,11,440,4,12,N,117.400563785721,9,Villa,3BedRoom|GuestRoom|SwimmingPool
KAKRP92,KAKRS1,Dwarka Sector 21,28.552322,77.058383,N,7233407,7233407,2,21,42,5,14,Y,166.036649221028,2,Cottage,GuestRoom|PetHouse|Garage
KAKRP93,KAKRS1,Barakhamba Road,28.629907,77.224159,Y,1953634,1819668,5,25,369,10,1,N,89.7996451657172,6,Cottage,3BedRoom|GuestRoom|SwimmingPool
KAKRP94,KAKRS2,Pragati Maidan,28.616699,77.243601,N,10000000,9952991,25,49,391,15,13,N,95.3805729413146,4,Apartment,Balcony|Garage|SwimmingPool
KAKRP95,KAKRS2,Jayanagar,12.925007,77.593803,Y,3255667,3000001,31,44,306,10,0,N,96.1432221298446,5,Apartment,GuestRoom|PetHouse|Garage
KAKRP96,KAKRS2,Belndur,12.926031,77.676246,Y,1945755,1645735,44,71,395,15,6,N,184.428451846535,2,Villa,3BedRoom|GuestRoom|SwimmingPool
KAKRP97,KAKRS2,Bandra,19.060692,72.83625,N,4104957,4854957,42,63,69,7,7,Y,120.675557228115,4,Bungalow,GuestRoom|PetHouse|Garage
KAKRP98,KAKRS2,Faridabad,28.408912,77.317789,N,1399414,1799414,48,65,94,18,4,Y,86.8705366480371,3,Apartment,3BedRoom|PetHouse|Garden
