Location,Month,PropertyAvailableforBuy,PropertyAvailableforRent,UniqueNumBuyers,UniqueNumRenters,totalNumOfViews
Udyog Vihar,Jan,21,7,20,4,64
DLF Cybercity,Jan,20,10,14,16,224
Koramangla,Jan,26,6,29,4,304
Dwarka Sector 21,Jan,22,8,6,11,452
Barakhamba Road,Jan,29,10,4,9,187
Pragati Maidan,Jan,30,2,48,13,105
Jayanagar,Jan,22,4,41,17,78
Belndur,Feb,9,3,11,14,339
HSR Layout,Feb,19,1,42,10,63
Ring Road,Feb,24,13,40,16,451
Church Gate,Feb,29,8,28,14,199
Marine Drive,Feb,12,9,17,10,402
Bandra,Mar,27,14,19,10,223
Barakhamba Road,Mar,32,13,46,19,340
Belndur,Mar,16,12,34,3,247
DLF Cybercity,Mar,18,12,13,20,428
Udyog Vihar,Apr,11,6,19,10,119
Ring Road,Apr,1,10,34,3,279
HSR Layout,Apr,24,4,11,9,23
Barakhamba Road,Apr,28,14,46,4,265
Dwarka Sector 21,Apr,6,9,28,3,180
DLF Cybercity,Apr,25,14,22,20,400
Pragati Maidan,Apr,9,13,1,9,281
Pragati Maidan,Apr,2,11,50,19,294
Malviya Nagar,May,5,4,25,15,184
Faridabad,May,9,1,41,18,255
HUDA City Centre,May,7,5,20,13,292
Indirapuram,May,32,11,13,11,16
Rhotak,May,2,7,9,15,327
Hissar,May,1,4,43,14,57
Faridabad,Jun,15,10,19,1,226
Indirapuram,Jun,13,8,19,1,491
Hissar,Jun,1,7,20,14,187
Dwarka Sector 21,Jun,21,12,43,11,252
Hissar,Jun,4,11,20,12,373
Indirapuram,Jul,34,1,49,15,354
HUDA City Centre,Jul,16,7,44,15,354
Malviya Nagar,Jul,13,14,49,18,431
Church Gate,Jul,11,4,18,5,298
Jayanagar,Aug,9,3,7,3,258
Ring Road,Aug,34,5,23,10,430
Hissar,Aug,29,1,36,8,48
Rhotak,Aug,6,10,35,2,3
Dwarka Sector 21,Sept,35,15,17,17,224
HSR Layout,Sept,24,2,36,13,271
Udyog Vihar,Sept,2,6,5,8,466
Malviya Nagar,Sept,4,10,23,4,180
Bandra,Sept,24,0,50,18,345
Faridabad,Sept,26,0,9,4,313
Koramangla,Sept,30,5,37,0,179
Belndur,Sept,29,0,40,0,52
HSR Layout,Sept,6,5,31,12,288
Ring Road,Oct,24,3,44,3,70
Church Gate,Oct,19,12,50,17,7
Marine Drive,Oct,16,8,39,3,342
Bandra,Oct,26,13,16,7,191
Barakhamba Road,Oct,26,15,1,8,326
Belndur,Oct,21,15,3,1,181
DLF Cybercity,Oct,13,4,4,18,280
Udyog Vihar,Oct,29,3,28,6,435
Ring Road,Oct,18,9,9,20,168
HSR Layout,Oct,32,15,15,15,420
Barakhamba Road,Oct,10,11,20,6,470
Dwarka Sector 21,Oct,4,13,3,11,179
DLF Cybercity,Oct,6,10,13,7,461
Pragati Maidan,Oct,32,14,2,18,87
Pragati Maidan,Oct,27,11,11,7,221
Malviya Nagar,Oct,19,12,11,6,351
Faridabad,Oct,20,10,7,9,109
Indirapuram,Oct,5,6,27,5,223
HUDA City Centre,Oct,28,14,39,7,203
Malviya Nagar,Oct,26,0,12,2,119
Church Gate,Oct,20,14,6,3,185
Jayanagar,Oct,8,13,48,0,118
Ring Road,Oct,32,13,21,16,371
Hissar,Oct,20,7,24,20,110
Rhotak,Oct,20,4,19,20,293
Dwarka Sector 21,Nov,29,6,44,20,238
HSR Layout,Nov,0,15,38,1,471
Udyog Vihar,Nov,12,10,24,2,442
Malviya Nagar,Nov,16,13,35,4,312
Bandra,Nov,29,1,27,18,396
Faridabad,Nov,14,3,39,13,207
Koramangla,Nov,33,4,43,3,343
Belndur,Nov,19,3,22,10,389
HSR Layout,Nov,10,3,19,3,447
Ring Road,Nov,17,0,8,1,151
Church Gate,Nov,0,6,36,7,129
Udyog Vihar,Nov,16,7,9,19,306
DLF Cybercity,Dec,9,13,40,4,213
Koramangla,Dec,9,0,46,14,25
Dwarka Sector 21,Dec,12,4,25,4,35
Barakhamba Road,Dec,5,2,15,18,261
Pragati Maidan,Dec,5,5,24,4,116
Jayanagar,Dec,5,11,30,13,190
Belndur,Dec,8,2,50,13,382
Bandra,Dec,3,14,19,12,132
Faridabad,Dec,26,14,16,16,301
