UserID,Date,PropertyVisitedForBuy,PropertyVisitedForRent,Location
1,04/13/16 05:10 AM,KAKR3,KAKR8,Udyog Vihar
1,09/13/17 08:21 AM,KAKR2,KAKR19,DLF Cybercity
1,04/14/17 10:01 AM,KAKR7,KAKR10,Koramangla
1,08/07/16 01:20 PM,KAKR6,KAKR7,Dwarka Sector 21
1,04/26/17 05:01 AM,KAKR4,KAKR17,Barakhamba Road
1,11/01/17 10:44 PM,KAKR14,KAKR3,Pragati Maidan
1,06/06/16 02:18 PM,KAKR10,KAKR16,Jayanagar
1,01/31/17 06:19 AM,KAKR4,KAKR6,Belndur
1,08/31/16 10:04 AM,KAKR8,KAKR1,HSR Layout
1,08/02/16 10:28 AM,KAKR3,KAKR5,Ring Road
1,02/28/17 04:19 AM,KAKR9,KAKR3,Church Gate
1,10/30/17 09:24 AM,KAKR11,KAKR4,Marine Drive
1,05/13/17 09:38 PM,KAKR9,KAKR1,Bandra
1,05/22/17 07:49 PM,KAKR13,KAKR2,Barakhamba Road
1,10/01/16 03:59 PM,KAKR1,KAKR11,Belndur
1,10/17/17 04:42 PM,KAKR15,KAKR10,DLF Cybercity
1,07/03/16 09:09 AM,KAKR6,KAKR14,Udyog Vihar
1,03/30/17 02:54 PM,KAKR5,KAKR9,Ring Road
1,01/28/17 04:54 AM,KAKR2,KAKR18,HSR Layout
1,02/23/17 08:14 AM,KAKR14,KAKR11,Barakhamba Road
1,11/16/17 06:51 AM,KAKR2,KAKR20,Dwarka Sector 21
1,09/29/17 06:48 PM,KAKR10,KAKR16,DLF Cybercity
1,11/29/17 08:06 AM,KAKR0,KAKR4,Pragati Maidan
1,06/08/16 04:38 PM,KAKR14,KAKR0,Pragati Maidan
1,04/22/17 02:26 PM,KAKR7,KAKR12,Malviya Nagar
1,08/15/17 01:45 AM,KAKR13,KAKR2,Faridabad
1,11/04/16 06:43 AM,KAKR0,KAKR19,HUDA City Centre
1,09/03/17 04:23 AM,KAKR7,KAKR1,Indirapuram
1,07/13/17 12:33 AM,KAKR14,KAKR16,Rhotak
1,06/01/17 10:00 AM,KAKR3,KAKR7,Hissar
1,12/23/16 04:55 AM,KAKR0,KAKR17,Faridabad
1,01/01/17 05:25 AM,KAKR6,KAKR10,Indirapuram
1,11/13/17 04:21 PM,KAKR5,KAKR19,Hissar
1,01/22/16 01:37 AM,KAKR7,KAKR14,Dwarka Sector 21
1,08/30/16 01:14 PM,KAKR15,KAKR4,Hissar
1,10/27/16 09:57 AM,KAKR9,KAKR19,Indirapuram
1,07/22/16 11:47 AM,KAKR5,KAKR20,HUDA City Centre
1,05/21/16 01:23 AM,KAKR12,KAKR7,Malviya Nagar
1,04/01/16 01:45 AM,KAKR7,KAKR10,Church Gate
1,05/31/17 12:21 AM,KAKR1,KAKR3,Jayanagar
1,07/04/16 09:54 PM,KAKR12,KAKR16,Ring Road
1,08/11/17 08:59 AM,KAKR13,KAKR15,Hissar
1,09/07/16 10:17 PM,KAKR1,KAKR12,Rhotak
1,05/17/17 12:24 PM,KAKR3,KAKR6,Dwarka Sector 21
1,11/23/17 02:58 AM,KAKR5,KAKR6,HSR Layout
1,10/17/16 06:18 PM,KAKR4,KAKR19,Udyog Vihar
1,11/11/16 11:36 PM,KAKR5,KAKR13,Malviya Nagar
1,05/24/16 03:25 AM,KAKR6,KAKR5,Bandra
1,02/12/16 01:37 PM,KAKR1,KAKR17,Faridabad
1,06/26/17 08:09 PM,KAKR13,KAKR3,Koramangla
1,05/08/17 02:12 PM,KAKR15,KAKR3,Belndur
1,03/08/17 04:06 AM,KAKR11,KAKR9,HSR Layout
1,08/11/17 11:51 AM,KAKR7,KAKR2,Ring Road
1,09/18/16 03:27 AM,KAKR15,KAKR20,Church Gate
1,01/22/16 05:03 AM,KAKR0,KAKR6,Marine Drive
1,04/17/16 01:59 AM,KAKR3,KAKR15,Bandra
1,05/07/17 08:20 PM,KAKR9,KAKR19,Barakhamba Road
1,06/08/16 04:00 PM,KAKR14,KAKR4,Belndur
1,05/08/16 02:44 AM,KAKR5,KAKR17,DLF Cybercity
1,09/18/17 04:57 AM,KAKR4,KAKR3,Udyog Vihar
1,04/19/17 03:54 PM,KAKR1,KAKR20,Ring Road
1,03/25/17 08:57 AM,KAKR9,KAKR12,HSR Layout
1,11/15/16 06:40 AM,KAKR2,KAKR0,Barakhamba Road
1,11/21/16 02:51 AM,KAKR0,KAKR1,Dwarka Sector 21
1,03/19/17 02:42 PM,KAKR9,KAKR9,DLF Cybercity
1,10/10/16 10:54 PM,KAKR5,KAKR2,Pragati Maidan
1,09/13/17 03:19 PM,KAKR9,KAKR14,Pragati Maidan
1,04/03/16 02:35 AM,KAKR10,KAKR12,Malviya Nagar
1,07/13/17 11:13 AM,KAKR10,KAKR9,Faridabad
1,06/11/16 07:17 PM,KAKR6,KAKR18,Indirapuram
1,07/06/17 10:10 AM,KAKR1,KAKR19,HUDA City Centre
1,03/18/17 08:13 PM,KAKR6,KAKR4,Malviya Nagar
1,08/28/17 02:15 AM,KAKR0,KAKR2,Church Gate
1,07/27/16 11:21 PM,KAKR4,KAKR14,Jayanagar
1,08/12/16 03:23 AM,KAKR10,KAKR20,Ring Road
1,06/19/16 01:50 PM,KAKR12,,Hissar
1,12/31/16 03:03 PM,KAKR5,,Rhotak
1,01/17/17 06:15 AM,KAKR13,,Dwarka Sector 21
1,12/05/16 05:54 PM,KAKR15,,HSR Layout
1,01/19/16 08:02 AM,KAKR9,,Udyog Vihar
1,07/09/17 03:23 AM,KAKR5,,Malviya Nagar
1,10/19/16 12:57 PM,KAKR6,,Bandra
1,02/09/16 04:17 AM,KAKR0,,Faridabad
1,09/01/17 05:54 AM,KAKR3,,Koramangla
1,02/04/16 02:34 AM,KAKR5,,Belndur
1,07/25/16 04:46 PM,KAKR6,,HSR Layout
1,10/18/16 01:19 PM,KAKR7,,Ring Road
1,08/09/17 02:45 AM,KAKR3,,Church Gate
1,09/04/17 03:32 AM,KAKR12,,Udyog Vihar
1,05/14/17 03:51 PM,KAKR5,,DLF Cybercity
1,07/24/17 10:04 AM,KAKR6,,Koramangla
1,12/06/16 06:55 PM,KAKR4,,Dwarka Sector 21
1,03/21/17 08:53 PM,KAKR13,,Barakhamba Road
1,08/09/16 11:21 AM,KAKR8,,Pragati Maidan
1,05/09/17 01:21 AM,KAKR7,,Jayanagar
1,11/24/16 07:22 AM,KAKR10,,Belndur
1,07/18/17 06:37 AM,KAKR15,,Bandra
1,05/11/17 05:35 AM,KAKR14,,Faridabad
1,12/18/17 05:00 AM,KAKR1,,Udyog Vihar
1,07/18/16 07:57 PM,KAKR8,KAKR10,DLF Cybercity
1,07/11/17 11:08 PM,KAKR9,KAKR18,Koramangla
1,12/27/16 01:39 PM,KAKR10,KAKR11,Dwarka Sector 21
1,07/25/16 05:35 PM,KAKR4,KAKR1,Barakhamba Road
1,06/24/17 03:45 PM,KAKR0,KAKR13,Pragati Maidan
1,04/21/17 01:44 PM,KAKR3,KAKR16,Jayanagar
1,04/18/16 05:53 PM,KAKR13,KAKR18,Belndur
1,03/06/16 07:34 PM,KAKR6,KAKR1,HSR Layout
1,01/24/17 04:59 PM,KAKR7,KAKR15,Ring Road
1,01/25/17 04:09 AM,KAKR4,KAKR8,Church Gate
1,11/21/17 08:33 PM,KAKR15,KAKR18,Marine Drive
1,04/17/16 03:23 AM,KAKR5,KAKR17,Bandra
1,08/30/17 02:30 PM,KAKR2,KAKR3,Barakhamba Road
1,08/28/16 09:15 PM,KAKR15,KAKR1,Belndur
1,05/06/17 05:42 PM,KAKR5,KAKR1,DLF Cybercity
1,12/16/17 12:49 PM,KAKR0,KAKR14,Udyog Vihar
1,04/10/17 01:35 PM,KAKR0,KAKR17,Ring Road
1,11/19/16 11:31 PM,KAKR5,KAKR6,HSR Layout
1,10/01/16 01:06 PM,KAKR3,KAKR6,Barakhamba Road
1,05/06/17 12:28 AM,KAKR10,KAKR9,Dwarka Sector 21
1,02/02/16 01:01 AM,KAKR0,KAKR20,DLF Cybercity
1,12/31/17 04:05 AM,KAKR1,KAKR6,Pragati Maidan
1,09/28/16 04:37 AM,KAKR0,KAKR19,Pragati Maidan
1,10/11/17 10:11 PM,KAKR5,KAKR18,Malviya Nagar
1,03/17/16 12:40 PM,KAKR5,KAKR12,Faridabad
1,06/01/16 06:17 AM,KAKR15,KAKR1,HUDA City Centre
1,06/09/16 11:31 AM,KAKR11,KAKR5,Indirapuram
1,12/29/16 03:04 PM,KAKR1,KAKR15,Rhotak
1,05/04/16 10:42 AM,KAKR8,KAKR10,Hissar
1,05/16/17 10:45 PM,KAKR4,KAKR13,Faridabad
1,09/20/16 12:42 AM,KAKR13,KAKR13,Indirapuram
1,03/28/16 07:55 AM,KAKR6,KAKR4,Hissar
1,01/13/16 12:54 AM,KAKR12,KAKR18,Dwarka Sector 21
1,04/20/16 04:20 AM,KAKR0,KAKR17,Hissar
1,08/21/17 10:33 PM,KAKR4,KAKR2,Indirapuram
1,06/03/17 03:02 AM,KAKR0,KAKR4,HUDA City Centre
1,12/05/16 05:44 PM,KAKR4,KAKR20,Malviya Nagar
1,07/04/16 03:30 AM,KAKR15,KAKR17,Church Gate
1,11/25/17 11:21 PM,KAKR3,KAKR20,Jayanagar
1,01/16/16 03:08 AM,KAKR0,KAKR0,Ring Road
1,09/29/17 01:11 AM,KAKR3,KAKR7,Hissar
1,05/22/17 06:06 AM,KAKR15,KAKR2,Rhotak
1,12/29/17 06:43 PM,KAKR6,KAKR8,Dwarka Sector 21
1,05/31/16 11:33 PM,KAKR12,KAKR15,HSR Layout
1,04/30/17 04:29 PM,KAKR14,KAKR19,Udyog Vihar
1,09/08/17 09:07 AM,KAKR5,KAKR7,Malviya Nagar
1,04/15/17 11:42 PM,KAKR6,KAKR6,Bandra
1,06/17/17 04:15 PM,KAKR14,KAKR7,Faridabad
1,12/03/16 07:33 PM,KAKR10,KAKR15,Koramangla
1,07/07/17 10:01 PM,KAKR8,KAKR14,Belndur
1,02/28/17 12:50 PM,KAKR12,KAKR13,HSR Layout
2,10/01/16 03:59 PM,KAKR1,KAKR11,Belndur
2,10/17/17 04:42 PM,KAKR15,KAKR10,DLF Cybercity
2,07/03/16 09:09 AM,KAKR6,KAKR14,Udyog Vihar
2,03/30/17 02:54 PM,KAKR5,KAKR9,Ring Road
2,01/28/17 04:54 AM,KAKR2,KAKR18,HSR Layout
2,02/23/17 08:14 AM,KAKR14,KAKR11,Barakhamba Road
2,11/16/17 06:51 AM,KAKR2,KAKR20,Dwarka Sector 21
2,09/29/17 06:48 PM,KAKR10,KAKR16,DLF Cybercity
2,11/29/17 08:06 AM,KAKR0,KAKR4,Pragati Maidan
2,06/08/16 04:38 PM,KAKR14,KAKR0,Pragati Maidan
2,04/22/17 02:26 PM,KAKR7,KAKR12,Malviya Nagar
2,08/15/17 01:45 AM,KAKR13,KAKR2,Faridabad
2,11/04/16 06:43 AM,KAKR0,KAKR19,HUDA City Centre
2,09/03/17 04:23 AM,KAKR7,KAKR1,Indirapuram
2,07/13/17 12:33 AM,KAKR14,KAKR16,Rhotak
2,06/01/17 10:00 AM,KAKR3,KAKR7,Hissar
2,12/23/16 04:55 AM,KAKR0,KAKR17,Faridabad
2,01/01/17 05:25 AM,KAKR6,KAKR10,Indirapuram
2,11/13/17 04:21 PM,KAKR5,KAKR19,Hissar
2,01/22/16 01:37 AM,KAKR7,KAKR14,Dwarka Sector 21
2,08/30/16 01:14 PM,KAKR15,KAKR4,Hissar
2,10/27/16 09:57 AM,KAKR9,KAKR19,Indirapuram
2,07/22/16 11:47 AM,KAKR5,KAKR20,HUDA City Centre
2,05/21/16 01:23 AM,KAKR12,KAKR7,Malviya Nagar
2,04/01/16 01:45 AM,KAKR7,KAKR10,Church Gate
2,05/31/17 12:21 AM,KAKR1,KAKR3,Jayanagar
2,07/04/16 09:54 PM,KAKR12,KAKR16,Ring Road
2,08/11/17 08:59 AM,KAKR13,KAKR15,Hissar
2,09/07/16 10:17 PM,KAKR1,KAKR12,Rhotak
2,05/17/17 12:24 PM,KAKR3,KAKR6,Dwarka Sector 21
2,11/23/17 02:58 AM,KAKR5,KAKR6,HSR Layout
2,10/17/16 06:18 PM,KAKR4,KAKR19,Udyog Vihar
2,11/11/16 11:36 PM,KAKR5,,Malviya Nagar
2,05/24/16 03:25 AM,KAKR6,,Bandra
2,02/12/16 01:37 PM,KAKR1,,Faridabad
2,06/26/17 08:09 PM,KAKR13,,Koramangla
2,05/08/17 02:12 PM,KAKR15,,Belndur
2,03/08/17 04:06 AM,KAKR11,,HSR Layout
2,08/11/17 11:51 AM,KAKR7,,Ring Road
2,09/18/16 03:27 AM,KAKR15,,Church Gate
2,01/22/16 05:03 AM,KAKR0,,Marine Drive
2,04/17/16 01:59 AM,KAKR3,,Bandra
2,05/07/17 08:20 PM,KAKR9,,Barakhamba Road
2,06/08/16 04:00 PM,KAKR14,,Belndur
2,05/08/16 02:44 AM,KAKR5,,DLF Cybercity
2,09/18/17 04:57 AM,KAKR4,,Udyog Vihar
2,04/19/17 03:54 PM,KAKR1,,Ring Road
2,03/25/17 08:57 AM,KAKR9,,HSR Layout
2,11/15/16 06:40 AM,KAKR2,,Barakhamba Road
2,11/21/16 02:51 AM,KAKR0,,Dwarka Sector 21
2,03/19/17 02:42 PM,KAKR9,,DLF Cybercity
2,10/10/16 10:54 PM,KAKR5,,Pragati Maidan
2,09/13/17 03:19 PM,KAKR9,,Pragati Maidan
2,04/03/16 02:35 AM,KAKR10,,Malviya Nagar
2,07/13/17 11:13 AM,KAKR10,KAKR9,Faridabad
2,06/11/16 07:17 PM,KAKR6,KAKR18,Indirapuram
3,04/15/17 11:42 PM,KAKR6,KAKR6,Bandra
3,06/17/17 04:15 PM,KAKR14,KAKR7,Faridabad
3,12/03/16 07:33 PM,KAKR10,KAKR15,Koramangla
3,07/07/17 10:01 PM,KAKR8,KAKR14,Belndur
3,02/28/17 12:50 PM,KAKR12,KAKR13,HSR Layout
3,10/01/16 03:59 PM,KAKR1,KAKR11,Belndur
3,10/17/17 04:42 PM,KAKR15,KAKR10,DLF Cybercity
3,07/03/16 09:09 AM,KAKR6,,Udyog Vihar
3,03/30/17 02:54 PM,KAKR5,,Ring Road
3,01/28/17 04:54 AM,KAKR2,,HSR Layout
3,02/23/17 08:14 AM,KAKR14,,Barakhamba Road
3,11/16/17 06:51 AM,KAKR2,,Dwarka Sector 21
3,09/29/17 06:48 PM,KAKR10,KAKR16,DLF Cybercity
3,11/29/17 08:06 AM,KAKR0,KAKR4,Pragati Maidan
3,06/08/16 04:38 PM,KAKR14,KAKR0,Pragati Maidan
3,04/22/17 02:26 PM,KAKR7,KAKR12,Malviya Nagar
3,08/15/17 01:45 AM,KAKR13,KAKR2,Faridabad
3,11/04/16 06:43 AM,KAKR0,KAKR19,HUDA City Centre
3,09/03/17 04:23 AM,KAKR7,KAKR1,Indirapuram
3,07/13/17 12:33 AM,KAKR14,KAKR16,Rhotak
3,06/01/17 10:00 AM,KAKR3,KAKR7,Hissar
3,12/23/16 04:55 AM,KAKR0,KAKR17,Faridabad
4,04/14/17 10:01 AM,KAKR7,KAKR10,Koramangla
4,08/07/16 01:20 PM,KAKR6,KAKR7,Dwarka Sector 21
4,04/26/17 05:01 AM,KAKR4,KAKR17,Barakhamba Road
4,11/01/17 10:44 PM,KAKR14,KAKR3,Pragati Maidan
4,06/06/16 02:18 PM,KAKR10,KAKR16,Jayanagar
4,01/31/17 06:19 AM,KAKR4,KAKR6,Belndur
4,08/31/16 10:04 AM,KAKR8,KAKR1,HSR Layout
4,08/02/16 10:28 AM,KAKR3,KAKR5,Ring Road
4,02/28/17 04:19 AM,KAKR9,KAKR3,Church Gate
4,10/30/17 09:24 AM,KAKR11,KAKR4,Marine Drive
4,05/13/17 09:38 PM,KAKR9,KAKR1,Bandra
4,05/22/17 07:49 PM,KAKR13,KAKR2,Barakhamba Road
4,10/01/16 03:59 PM,KAKR1,KAKR11,Belndur
4,10/17/17 04:42 PM,KAKR15,KAKR10,DLF Cybercity
4,07/03/16 09:09 AM,KAKR6,KAKR14,Udyog Vihar
4,03/30/17 02:54 PM,KAKR5,KAKR9,Ring Road
4,01/28/17 04:54 AM,KAKR2,KAKR18,HSR Layout
4,02/23/17 08:14 AM,KAKR14,KAKR11,Barakhamba Road
4,11/16/17 06:51 AM,KAKR2,KAKR20,Dwarka Sector 21
4,09/29/17 06:48 PM,KAKR10,KAKR16,DLF Cybercity
4,11/29/17 08:06 AM,KAKR0,KAKR4,Pragati Maidan
4,06/08/16 04:38 PM,KAKR14,KAKR0,Pragati Maidan
4,04/22/17 02:26 PM,KAKR7,KAKR12,Malviya Nagar
4,08/15/17 01:45 AM,KAKR13,KAKR2,Faridabad
4,11/04/16 06:43 AM,KAKR0,KAKR19,HUDA City Centre
4,09/03/17 04:23 AM,KAKR7,KAKR1,Indirapuram
4,07/13/17 12:33 AM,KAKR14,KAKR16,Rhotak
4,06/01/17 10:00 AM,KAKR3,KAKR7,Hissar
4,12/23/16 04:55 AM,KAKR0,KAKR17,Faridabad
4,01/01/17 05:25 AM,KAKR6,KAKR10,Indirapuram
4,11/13/17 04:21 PM,KAKR5,KAKR19,Hissar
4,01/22/16 01:37 AM,KAKR7,KAKR14,Dwarka Sector 21
4,08/30/16 01:14 PM,KAKR15,KAKR4,Hissar
4,10/27/16 09:57 AM,KAKR9,KAKR19,Indirapuram
4,07/22/16 11:47 AM,KAKR5,KAKR20,HUDA City Centre
4,05/21/16 01:23 AM,KAKR12,KAKR7,Malviya Nagar
4,04/01/16 01:45 AM,KAKR7,KAKR10,Church Gate
4,05/31/17 12:21 AM,KAKR1,KAKR3,Jayanagar
4,07/04/16 09:54 PM,KAKR12,KAKR16,Ring Road
4,08/11/17 08:59 AM,KAKR13,KAKR15,Hissar
4,09/07/16 10:17 PM,KAKR1,KAKR12,Rhotak
4,05/17/17 12:24 PM,KAKR3,KAKR6,Dwarka Sector 21
4,11/23/17 02:58 AM,KAKR5,KAKR6,HSR Layout
4,10/17/16 06:18 PM,KAKR4,KAKR19,Udyog Vihar
4,11/11/16 11:36 PM,KAKR5,KAKR13,Malviya Nagar
4,05/24/16 03:25 AM,KAKR6,KAKR5,Bandra
4,02/12/16 01:37 PM,KAKR1,KAKR17,Faridabad
4,06/26/17 08:09 PM,KAKR13,KAKR3,Koramangla
4,05/08/17 02:12 PM,KAKR15,KAKR3,Belndur
4,03/08/17 04:06 AM,KAKR11,KAKR9,HSR Layout
4,08/11/17 11:51 AM,KAKR7,KAKR2,Ring Road
4,09/18/16 03:27 AM,KAKR15,KAKR20,Church Gate
4,01/22/16 05:03 AM,KAKR0,KAKR6,Marine Drive
4,04/17/16 01:59 AM,KAKR3,KAKR15,Bandra
4,05/07/17 08:20 PM,KAKR9,KAKR19,Barakhamba Road
4,06/08/16 04:00 PM,KAKR14,KAKR4,Belndur
4,05/08/16 02:44 AM,KAKR5,KAKR17,DLF Cybercity
4,09/18/17 04:57 AM,KAKR4,KAKR3,Udyog Vihar
4,04/19/17 03:54 PM,KAKR1,KAKR20,Ring Road
4,03/25/17 08:57 AM,KAKR9,KAKR12,HSR Layout
4,11/15/16 06:40 AM,KAKR2,KAKR0,Barakhamba Road
4,11/21/16 02:51 AM,KAKR0,KAKR1,Dwarka Sector 21
4,03/19/17 02:42 PM,KAKR9,KAKR9,DLF Cybercity
4,10/10/16 10:54 PM,KAKR5,KAKR2,Pragati Maidan
4,09/13/17 03:19 PM,KAKR9,KAKR14,Pragati Maidan
4,04/03/16 02:35 AM,KAKR10,KAKR12,Malviya Nagar
4,07/13/17 11:13 AM,KAKR10,KAKR9,Faridabad
4,06/11/16 07:17 PM,KAKR6,KAKR18,Indirapuram
